"lead_variant","chromosome","start","finish","cohort","length","simple_repeats","repeat_masker","CpG"
"GS_DUP_CNV_1_248683299_248687529","chr1",248683299,248687529,"control",4230,0.01531,0.60353,0
"GS_DUP_CNV_1_248639866_248642282","chr1",248639866,248642282,"control",2416,0.03658,0.51751,0
"GS_DUP_CNV_1_248639866_248644860","chr1",248639866,248644860,"control",4994,0.03658,0.51751,0
"GS_DUP_CNV_1_248633936_248636968","chr1",248633936,248636968,"control",3032,0.03256,0.55499,0
"GS_DUP_CNV_1_248628814_248636052","chr1",248628814,248636052,"control",7238,0.0348,0.53638,0
"GS_DUP_CNV_1_248620423_248631251","chr1",248620423,248631251,"control",10828,0.03767,0.55064,0
"GS_DUP_CNV_1_248570361_248573925","chr1",248570361,248573925,"control",3564,0.05296,0.46744,0
"GS_DUP_CNV_1_248569961_248572375","chr1",248569961,248572375,"control",2414,0.05321,0.46573,0
"GS_DUP_CNV_1_247823690_248076359","chr1",247823690,248076359,"control",252669,0.02392,0.61119,0.00403
"GS_DUP_CNV_1_206570557_206574503","chr1",206570557,206574503,"control",3946,0.02042,0.36831,0
"GS_DUP_CNV_1_206490711_206492746","chr1",206490711,206492746,"control",2035,0.00912,0.25718,0
"GS_DUP_CNV_3_197869966_197873123","chr3",197869966,197873123,"control",3157,0.16046,0.41553,0.01796
"GS_DUP_CNV_1_196907471_196910829","chr1",196907471,196910829,"control",3358,0.02205,0.46266,0
"GS_DUP_CNV_2_196092780_196097291","chr2",196092780,196097291,"control",4511,0.01942,0.6303,0
"GS_DUP_CNV_3_195470972_195476063","chr3",195470972,195476063,"control",5091,0.38643,0.44255,0.01973
"GS_DUP_CNV_3_195468322_195470821","chr3",195468322,195470821,"control",2499,0.38676,0.42998,0.01973
"GS_DUP_CNV_3_195452004_195456683","chr3",195452004,195456683,"control",4679,0.18078,0.47398,0.01973
"GS_DUP_CNV_3_195437919_195440668","chr3",195437919,195440668,"cases",2749,0.13297,0.49296,0.00913
"GS_DUP_CNV_3_195437869_195445972","chr3",195437869,195445972,"control",8103,0.13297,0.49296,0.00913
"GS_DUP_CNV_3_195431046_195437261","chr3",195431046,195437261,"control",6215,0.11731,0.48691,0.01972
"GS_DUP_CNV_3_195430326_195433461","chr3",195430326,195433461,"cases",3135,0.11659,0.49679,0.01972
"GS_DUP_CNV_3_195422116_195426699","chr3",195422116,195426699,"cases",4583,0.13622,0.52,0.017
"GS_DUP_CNV_3_195420306_195428699","chr3",195420306,195428699,"cases",8393,0.16182,0.5164,0.017
"GS_DUP_CNV_3_195416251_195421560","chr3",195416251,195421560,"control",5309,0.15941,0.50554,0.017
"GS_DUP_CNV_3_195409242_195412150","chr3",195409242,195412150,"cases",2908,0.16269,0.48424,0.01976
"GS_DUP_CNV_2_194135906_194138205","chr2",194135906,194138205,"control",2299,0.018,0.53749,0
"GS_DUP_CNV_4_190879564_190881691","chr4",190879564,190881691,"control",2127,0.01826,0.6427,0.01775
"GS_DUP_CNV_4_190853848_190856711","chr4",190853848,190856711,"control",2863,0.04033,0.57397,0.00884
"GS_DUP_CNV_4_190821391_190893785","chr4",190821391,190893785,"control",72394,0.05306,0.60981,0.00884
"GS_DUP_CNV_4_190760907_190763756","chr4",190760907,190763756,"control",2849,0.15809,0.42754,0.01243
"GS_DUP_CNV_4_190684427_190714488","chr4",190684427,190714488,"control",30061,0.11846,0.45504,0.00551
"GS_DUP_CNV_4_190677062_190681026","chr4",190677062,190681026,"control",3964,0.0973,0.43665,0
"GS_DUP_CNV_4_190673162_190677961","chr4",190673162,190677961,"control",4799,0.09453,0.44108,0
"GS_DUP_CNV_4_190672562_190677261","chr4",190672562,190677261,"control",4699,0.09453,0.43573,0
"GS_DUP_CNV_4_190667112_190669961","chr4",190667112,190669961,"control",2849,0.11201,0.42886,0
"GS_DUP_CNV_4_190657468_190661269","chr4",190657468,190661269,"control",3801,0.14816,0.44454,0
"GS_DUP_CNV_4_190654361_190656584","chr4",190654361,190656584,"control",2223,0.24635,0.44237,0
"GS_DUP_CNV_4_190644390_190654260","chr4",190644390,190654260,"control",9870,0.26758,0.45133,0
"GS_DUP_CNV_4_190638440_190641439","chr4",190638440,190641439,"control",2999,0.26436,0.45465,0
"GS_DUP_CNV_4_190638390_190649489","chr4",190638390,190649489,"control",11099,0.26436,0.45465,0
"GS_DUP_CNV_4_190638340_190642639","chr4",190638340,190642639,"control",4299,0.26436,0.45465,0
"GS_DUP_CNV_4_190632004_190635339","chr4",190632004,190635339,"control",3335,0.23982,0.47548,0
"GS_DUP_CNV_4_190626453_190633889","chr4",190626453,190633889,"control",7436,0.23591,0.47371,0
"GS_DUP_CNV_4_190622755_190630003","chr4",190622755,190630003,"control",7248,0.23566,0.45445,0
"GS_DUP_CNV_4_190617469_190624554","chr4",190617469,190624554,"control",7085,0.24671,0.41394,0
"GS_DUP_CNV_4_190615769_190621194","chr4",190615769,190621194,"control",5425,0.2582,0.40255,0.01173
"GS_DUP_CNV_4_190613369_190620194","chr4",190613369,190620194,"control",6825,0.25864,0.37867,0.01173
"GS_DUP_CNV_4_190601201_190605666","chr4",190601201,190605666,"control",4465,0.23725,0.38446,0.01173
"GS_DUP_CNV_4_190598751_190603393","chr4",190598751,190603393,"control",4642,0.23967,0.39384,0.01173
"GS_DUP_CNV_4_190588773_190592472","chr4",190588773,190592472,"control",3699,0.23541,0.37161,0.01173
"GS_DUP_CNV_4_190586239_190596398","chr4",190586239,190596398,"control",10159,0.23655,0.37867,0.01173
"GS_DUP_CNV_4_190583739_190588438","chr4",190583739,190588438,"control",4699,0.23914,0.38994,0.01173
"GS_DUP_CNV_4_190578639_190585238","chr4",190578639,190585238,"control",6599,0.23974,0.38191,0.01173
"GS_DUP_CNV_4_190575191_190578938","chr4",190575191,190578938,"control",3747,0.23879,0.39457,0.01173
"GS_DUP_CNV_4_190573758_190577738","chr4",190573758,190577738,"control",3980,0.23828,0.38885,0.01173
"GS_DUP_CNV_4_190567469_190581838","chr4",190567469,190581838,"control",14369,0.23054,0.39811,0.01173
"GS_DUP_CNV_4_190563504_190566954","chr4",190563504,190566954,"control",3450,0.21876,0.3822,0.01173
"GS_DUP_CNV_4_190556898_190561446","chr4",190556898,190561446,"control",4548,0.11119,0.39891,0.01173
"GS_DUP_CNV_4_190551274_190560996","chr4",190551274,190560996,"control",9722,0.10545,0.39474,0.01173
"GS_DUP_CNV_4_190548551_190552473","chr4",190548551,190552473,"control",3922,0.08379,0.38571,0.01173
"GS_DUP_CNV_4_190543992_190556897","chr4",190543992,190556897,"control",12905,0.07895,0.38072,0.01173
"GS_DUP_CNV_4_190543242_190547914","chr4",190543242,190547914,"control",4672,0.07895,0.37598,0.01173
"GS_DUP_CNV_4_190155759_190158533","chr4",190155759,190158533,"control",2774,0.07839,0.50932,0
"GS_DUP_CNV_2_181696042_181698356","chr2",181696042,181698356,"control",2314,0.00566,0.61414,0
"GS_DUP_CNV_5_177087831_177090806","chr5",177087831,177090806,"control",2975,0.05549,0.77228,0.00891
"GS_DUP_CNV_5_175467819_175471162","chr5",175467819,175471162,"control",3343,0.04983,0.61206,0.00863
"GS_DUP_CNV_5_175465936_175470631","chr5",175465936,175470631,"control",4695,0.0442,0.61803,0.00863
"GS_DUP_CNV_5_175364774_175371017","chr5",175364774,175371017,"control",6243,0.02168,0.67263,0.00457
"GS_DUP_CNV_5_175353041_175355162","chr5",175353041,175355162,"control",2121,0.01545,0.60277,0.00457
"GS_DUP_CNV_5_175352891_175360473","chr5",175352891,175360473,"control",7582,0.01545,0.60342,0.00457
"GS_DUP_CNV_5_175348502_175350698","chr5",175348502,175350698,"control",2196,0.01576,0.58795,0.02008
"GS_DUP_CNV_5_175345066_175351068","chr5",175345066,175351068,"control",6002,0.01756,0.58629,0.01551
"GS_DUP_CNV_5_175337781_175652723","chr5",175337781,175652723,"control",314942,0.01439,0.57016,0.01551
"GS_DUP_CNV_6_169650059_169658558","chr6",169650059,169658558,"control",8499,0.24315,0.40214,0.02005
"GS_DUP_CNV_6_167774749_167785977","chr6",167774749,167785977,"control",11228,0.18833,0.35198,0.00602
"GS_DUP_CNV_1_157140937_157179648","chr1",157140937,157179648,"control",38711,0.01283,0.36196,0.01493
"GS_DUP_CNV_X_154803557_154852914","chrX",154803557,154852914,"control",49357,0.01007,0.82594,0.00607
"GS_DUP_CNV_X_154785400_154789987","chrX",154785400,154789987,"control",4587,0.00797,0.84511,0
"GS_DUP_CNV_X_154667909_154685859","chrX",154667909,154685859,"control",17950,0.13339,0.80738,0.01574
"GS_DUP_CNV_7_153766344_153778386","chr7",153766344,153778386,"control",12042,0.16735,0.29225,0.02037
"GS_DUP_CNV_6_153742231_153747088","chr6",153742231,153747088,"control",4857,0.01996,0.67053,0
"GS_DUP_CNV_6_153742231_153752114","chr6",153742231,153752114,"control",9883,0.01996,0.67053,0
"GS_DUP_CNV_7_153701313_153705360","chr7",153701313,153705360,"control",4047,0.03183,0.31928,0.02037
"GS_DUP_CNV_7_153690660_153697559","chr7",153690660,153697559,"control",6899,0.03221,0.34732,0
"GS_DUP_CNV_1_149303319_149309653","chr1",149303319,149309653,"control",6334,0.0096,0.46958,0.01931
"GS_DUP_CNV_1_149298489_149302429","chr1",149298489,149302429,"control",3940,0.0096,0.46483,0.01931
"GS_DUP_CNV_1_149296652_149309703","chr1",149296652,149309703,"control",13051,0.0096,0.45266,0.01931
"GS_DUP_CNV_1_149270388_149275365","chr1",149270388,149275365,"control",4977,0.00791,0.50102,0.01919
"GS_DUP_CNV_1_149266713_149271494","chr1",149266713,149271494,"control",4781,0.00891,0.49651,0.01919
"GS_DUP_CNV_1_149258515_149283970","chr1",149258515,149283970,"control",25455,0.01011,0.51432,0.01919
"GS_DUP_CNV_1_149232722_149240400","chr1",149232722,149240400,"control",7678,0.04164,0.56113,0.00958
"GS_DUP_CNV_1_149224335_149227514","chr1",149224335,149227514,"control",3179,0.0414,0.57524,0.00958
"GS_DUP_CNV_1_149222083_149226060","chr1",149222083,149226060,"control",3977,0.04167,0.57047,0.00958
"GS_DUP_CNV_1_149211484_149213533","chr1",149211484,149213533,"control",2049,0.04167,0.57617,0.01184
"GS_DUP_CNV_1_149206720_149208908","chr1",149206720,149208908,"control",2188,0.04252,0.57672,0.00936
"GS_DUP_CNV_1_149203481_149206519","chr1",149203481,149206519,"control",3038,0.043,0.58011,0.01501
"GS_DUP_CNV_1_149019686_149023919","chr1",149019686,149023919,"control",4233,0.09247,0.26471,0
"GS_DUP_CNV_1_148944004_148953497","chr1",148944004,148953497,"control",9493,0.01313,0.3154,0.01704
"GS_DUP_CNV_1_148940838_148943183","chr1",148940838,148943183,"control",2345,0.01388,0.33528,0.01704
"GS_DUP_CNV_1_148940195_148944603","chr1",148940195,148944603,"control",4408,0.01388,0.33552,0.01704
"GS_DUP_CNV_1_148931563_148934485","chr1",148931563,148934485,"control",2922,0.01438,0.36457,0.01704
"GS_DUP_CNV_1_148916889_148930305","chr1",148916889,148930305,"control",13416,0.01541,0.42481,0.01704
"GS_DUP_CNV_X_148846844_148906340","chrX",148846844,148906340,"control",59496,0.02296,0.51953,0
"GS_DUP_CNV_1_148555597_148562001","chr1",148555597,148562001,"cases",6404,0.02642,0.46167,0.02449
"GS_DUP_CNV_1_148554772_148556884","chr1",148554772,148556884,"cases",2112,0.02642,0.45966,0.02116
"GS_DUP_CNV_1_147390803_147393131","chr1",147390803,147393131,"control",2328,0.04746,0.50913,0.01077
"GS_DUP_CNV_1_146494423_147386943","chr1",146494423,147386943,"control",892520,0.04041,0.39855,0.00267
"GS_DUP_CNV_1_146485075_146489211","chr1",146485075,146489211,"control",4136,0.0445,0.33244,0.00267
"GS_DUP_CNV_1_145643806_145832123","chr1",145643806,145832123,"control",188317,0.05068,0.59647,0.00713
"GS_DUP_CNV_1_145102967_145108612","chr1",145102967,145108612,"control",5645,0.01043,0.50305,0.01225
"GS_DUP_CNV_1_145100767_145103366","chr1",145100767,145103366,"control",2599,0.01,0.4862,0.01225
"GS_DUP_CNV_1_145086362_145088761","chr1",145086362,145088761,"control",2399,0.00949,0.54501,0.01193
"GS_DUP_CNV_1_145084862_145087461","chr1",145084862,145087461,"control",2599,0.00949,0.54274,0.01193
"GS_DUP_CNV_1_145079289_145085561","chr1",145079289,145085561,"control",6272,0.00989,0.52729,0.01193
"GS_DUP_CNV_1_145055965_145061853","chr1",145055965,145061853,"control",5888,0.00966,0.52176,0.01193
"GS_DUP_CNV_1_145042545_145047033","chr1",145042545,145047033,"control",4488,0.00994,0.54156,0.00802
"GS_DUP_CNV_1_145040845_145049490","chr1",145040845,145049490,"control",8645,0.01037,0.53858,0.00802
"GS_DUP_CNV_1_145037204_145040544","chr1",145037204,145040544,"control",3340,0.01037,0.51932,0.00802
"GS_DUP_CNV_1_145021136_145028189","chr1",145021136,145028189,"control",7053,0.016,0.53796,0.0044
"GS_DUP_CNV_1_145021036_145024435","chr1",145021036,145024435,"cases",3399,0.016,0.53796,0.0044
"GS_DUP_CNV_1_144998923_145013965","chr1",144998923,145013965,"control",15042,0.01516,0.49394,0.0044
"GS_DUP_CNV_1_144991453_144995822","chr1",144991453,144995822,"cases",4369,0.01557,0.48287,0.0044
"GS_DUP_CNV_1_144986435_144995522","chr1",144986435,144995522,"control",9087,0.01528,0.49098,0
"GS_DUP_CNV_4_144951767_144999932","chr4",144951767,144999932,"control",48165,0.0147,0.51487,0
"GS_DUP_CNV_1_144950904_144954570","chr1",144950904,144954570,"control",3666,0.01739,0.46961,0.01287
"GS_DUP_CNV_1_144940621_144949351","chr1",144940621,144949351,"control",8730,0.01529,0.43543,0.01287
"GS_DUP_CNV_1_144936162_144941870","chr1",144936162,144941870,"control",5708,0.01742,0.43243,0.01287
"GS_DUP_CNV_4_144925198_144928060","chr4",144925198,144928060,"control",2862,0.0074,0.50605,0
"GS_DUP_CNV_1_144923402_144930927","chr1",144923402,144930927,"control",7525,0.00974,0.36573,0.01287
"GS_DUP_CNV_1_144923202_144925225","chr1",144923202,144925225,"control",2023,0.00974,0.36573,0.01287
"GS_DUP_CNV_1_144920287_144933902","chr1",144920287,144933902,"control",13615,0.00999,0.34363,0.01287
"GS_DUP_CNV_1_144915508_144925000","chr1",144915508,144925000,"control",9492,0.0092,0.32487,0.01287
"GS_DUP_CNV_1_144842102_144844381","chr1",144842102,144844381,"control",2279,0.0158,0.28422,0
"GS_DUP_CNV_1_144675338_144677697","chr1",144675338,144677697,"control",2359,0.00996,0.22893,0
"GS_DUP_CNV_1_144675338_144680419","chr1",144675338,144680419,"control",5081,0.00996,0.22893,0
"GS_DUP_CNV_1_144530192_144533095","chr1",144530192,144533095,"control",2903,0.01267,0.49454,0.02839
"GS_DUP_CNV_X_144372237_144380640","chrX",144372237,144380640,"control",8403,0.02552,0.73416,0
"GS_DUP_CNV_1_144049618_144052976","chr1",144049618,144052976,"control",3358,0.0312,0.4157,0
"GS_DUP_CNV_7_143541072_143548605","chr7",143541072,143548605,"control",7533,0.01673,0.43727,0.01196
"GS_DUP_CNV_1_142628856_142634263","chr1",142628856,142634263,"control",5407,0.07204,0.76258,0.00487
"GS_DUP_CNV_1_142615935_142618035","chr1",142615935,142618035,"control",2100,0.06998,0.71169,0.00487
"GS_DUP_CNV_7_141760366_141765362","chr7",141760366,141765362,"control",4996,0.09452,0.34091,0
"GS_DUP_CNV_9_141083104_141089275","chr9",141083104,141089275,"control",6171,0.08281,0.5496,0.02083
"GS_DUP_CNV_9_141076788_141089819","chr9",141076788,141089819,"control",13031,0.07494,0.54311,0.02083
"GS_DUP_CNV_9_141072501_141075440","chr9",141072501,141075440,"control",2939,0.05599,0.54574,0.02083
"GS_DUP_CNV_X_140979593_140991347","chrX",140979593,140991347,"control",11754,0.06021,0.56179,0
"GS_DUP_CNV_X_140964827_140983234","chrX",140964827,140983234,"control",18407,0.06116,0.50184,0
"GS_DUP_CNV_X_140895963_140919542","chrX",140895963,140919542,"control",23579,0.1087,0.57818,0
"GS_DUP_CNV_X_140858030_140868328","chrX",140858030,140868328,"control",10298,0.13941,0.53869,0
"GS_DUP_CNV_X_140778250_140796122","chrX",140778250,140796122,"control",17872,0.01388,0.61462,0
"GS_DUP_CNV_9_140776079_140783375","chr9",140776079,140783375,"control",7296,0.22233,0.57284,0.06741
"GS_DUP_CNV_8_140603540_140606967","chr8",140603540,140606967,"control",3427,0.00928,0.41682,0.00236
"GS_DUP_CNV_5_140476510_140481496","chr5",140476510,140481496,"control",4986,0.01543,0.48471,0.03825
"GS_DUP_CNV_X_140336620_140350170","chrX",140336620,140350170,"control",13550,0.01181,0.73266,0
"GS_DUP_CNV_X_140218898_140230498","chrX",140218898,140230498,"control",11600,0.02471,0.67679,0
"GS_DUP_CNV_X_140208008_140217262","chrX",140208008,140217262,"control",9254,0.0189,0.64727,0
"GS_DUP_CNV_7_139180150_139198070","chr7",139180150,139198070,"control",17920,0.0605,0.60641,0.01859
"GS_DUP_CNV_8_138742685_138744684","chr8",138742685,138744684,"control",1999,0.03296,0.56864,0
"GS_DUP_CNV_10_135351391_135378782","chr10",135351391,135378782,"control",27391,0.05348,0.61382,0.04675
"GS_DUP_CNV_10_135250035_135329927","chr10",135250035,135329927,"control",79892,0.13922,0.48653,0.06264
"GS_DUP_CNV_11_134942354_134945453","chr11",134942354,134945453,"control",3099,0.18419,0.19852,0
"GS_DUP_CNV_11_134933609_134939295","chr11",134933609,134939295,"control",5686,0.19184,0.24333,0
"GS_DUP_CNV_3_134814451_134817248","chr3",134814451,134817248,"control",2797,0.01127,0.37582,0
"GS_DUP_CNV_X_134752090_134759086","chrX",134752090,134759086,"control",6996,0.2287,0.53974,0
"GS_DUP_CNV_X_134749559_134766359","chrX",134749559,134766359,"control",16800,0.2287,0.53816,0
"GS_DUP_CNV_11_134720345_134722846","chr11",134720345,134722846,"control",2501,0.05423,0.50244,0
"GS_DUP_CNV_X_134530424_134540614","chrX",134530424,134540614,"cases",10190,0.01163,0.52684,0.02263
"GS_DUP_CNV_2_133107651_133112519","chr2",133107651,133112519,"control",4868,0.04155,0.60048,0.01003
"GS_DUP_CNV_2_133094613_133098917","chr2",133094613,133098917,"control",4304,0.01949,0.62301,0.01003
"GS_DUP_CNV_12_133085766_133088065","chr12",133085766,133088065,"control",2299,0.34901,0.23861,0.05235
"GS_DUP_CNV_2_133073955_133076404","chr2",133073955,133076404,"control",2449,0.16421,0.62243,0.01003
"GS_DUP_CNV_2_133057010_133059561","chr2",133057010,133059561,"control",2551,0.1856,0.5482,0.02259
"GS_DUP_CNV_2_133036042_133039759","chr2",133036042,133039759,"control",3717,0.53493,0.61875,0.02259
"GS_DUP_CNV_2_133031109_133035054","chr2",133031109,133035054,"control",3945,0.5353,0.58046,0.02259
"GS_DUP_CNV_2_133023606_133026773","chr2",133023606,133026773,"control",3167,0.75183,0.66574,0.02259
"GS_DUP_CNV_4_132985575_133124800","chr4",132985575,133124800,"control",139225,0.01373,0.53594,0
"GS_DUP_CNV_4_132983425_133172993","chr4",132983425,133172993,"control",189568,0.01501,0.50529,0
"GS_DUP_CNV_9_132187681_132204286","chr9",132187681,132204286,"control",16605,0.21797,0.46533,0.02744
"GS_DUP_CNV_9_132186781_132188880","chr9",132186781,132188880,"control",2099,0.21797,0.47566,0.02744
"GS_DUP_CNV_12_131792703_131796758","chr12",131792703,131796758,"control",4055,0.22977,0.41013,0.01106
"GS_DUP_CNV_2_130968993_130972042","chr2",130968993,130972042,"control",3049,0.03047,0.44163,0.04474
"GS_DUP_CNV_9_130891952_130893996","chr9",130891952,130893996,"control",2044,0.07741,0.41827,0.0208
"GS_DUP_CNV_11_130434597_130439571","chr11",130434597,130439571,"control",4974,0.02391,0.41541,0.00298
"GS_DUP_CNV_10_128513172_128614233","chr10",128513172,128614233,"control",101061,0.00931,0.56712,0
"GS_DUP_CNV_X_125314944_125362273","chrX",125314944,125362273,"control",47329,0.00646,0.60113,0.01191
"GS_DUP_CNV_12_124496225_124500124","chr12",124496225,124500124,"control",3899,0.01794,0.38296,0.02155
"GS_DUP_CNV_8_122318964_122410380","chr8",122318964,122410380,"control",91416,0.01372,0.41723,0
"GS_DUP_CNV_5_119026311_119063330","chr5",119026311,119063330,"control",37019,0.01626,0.62898,0
"GS_DUP_CNV_X_118340355_118346191","chrX",118340355,118346191,"control",5836,0.05285,0.45823,0.01369
"GS_DUP_CNV_9_117084387_117086578","chr9",117084387,117086578,"control",2191,0.03392,0.45635,0
"GS_DUP_CNV_4_115075790_115087301","chr4",115075790,115087301,"control",11511,0.02396,0.65241,0
"GS_DUP_CNV_11_114431224_114433323","chr11",114431224,114433323,"control",2099,0.09197,0.59017,0
"GS_DUP_CNV_11_114420892_114426044","chr11",114420892,114426044,"control",5152,0.00792,0.65035,0
"GS_DUP_CNV_11_114419942_114424894","chr11",114419942,114424894,"control",4952,0.00792,0.64426,0
"GS_DUP_CNV_13_113744960_113758590","chr13",113744960,113758590,"control",13630,0.3525,0.22835,0.0958
"GS_DUP_CNV_2_113045382_113049131","chr2",113045382,113049131,"control",3749,0.01347,0.49707,0.01379
"GS_DUP_CNV_X_112707039_112778567","chrX",112707039,112778567,"control",71528,0.00327,0.82558,0
"GS_DUP_CNV_X_112578795_112608568","chrX",112578795,112608568,"control",29773,0.02136,0.67916,0
"GS_DUP_CNV_2_112501539_112505611","chr2",112501539,112505611,"control",4072,0.03766,0.42938,0
"GS_DUP_CNV_2_112501539_112507904","chr2",112501539,112507904,"control",6365,0.03766,0.42938,0
"GS_DUP_CNV_2_112034880_112058475","chr2",112034880,112058475,"control",23595,0.03077,0.43213,0
"GS_DUP_CNV_1_106486731_106491536","chr1",106486731,106491536,"control",4805,0.02849,0.65928,0
"GS_DUP_CNV_1_106484593_106488079","chr1",106484593,106488079,"control",3486,0.02849,0.64583,0
"GS_DUP_CNV_1_104125670_104143949","chr1",104125670,104143949,"control",18279,0.01354,0.44813,0
"GS_DUP_CNV_1_104103047_104111107","chr1",104103047,104111107,"cases",8060,0.01391,0.4856,0.00426
"GS_DUP_CNV_X_103261002_103267806","chrX",103261002,103267806,"control",6804,0.00879,0.53348,0.01574
"GS_DUP_CNV_X_103257932_103261501","chrX",103257932,103261501,"control",3569,0.00879,0.51926,0.01574
"GS_DUP_CNV_X_103257539_103263701","chrX",103257539,103263701,"control",6162,0.00879,0.51926,0.01574
"GS_DUP_CNV_X_103171854_103231533","chrX",103171854,103231533,"control",59679,0.02697,0.71744,0.01398
"GS_DUP_CNV_15_102129401_102156837","chr15",102129401,102156837,"control",27436,0.01417,0.60724,0
"GS_DUP_CNV_15_101935433_101991275","chr15",101935433,101991275,"control",55842,0.01217,0.3777,0.00228
"GS_DUP_CNV_X_101833228_101842552","chrX",101833228,101842552,"control",9324,0.03527,0.61224,0.00252
"GS_DUP_CNV_12_101546432_101550196","chr12",101546432,101550196,"control",3764,0.01828,0.53641,0
"GS_DUP_CNV_12_101545760_101550096","chr12",101545760,101550096,"control",4336,0.01828,0.54199,0
"GS_DUP_CNV_X_101053788_101057848","chrX",101053788,101057848,"control",4060,0.01981,0.5723,0
"GS_DUP_CNV_7_100936289_100938288","chr7",100936289,100938288,"control",1999,0.09198,0.68198,0.01433
"GS_DUP_CNV_X_100793848_100804958","chrX",100793848,100804958,"control",11110,0.05534,0.70371,0.00255
"GS_DUP_CNV_X_100746698_100761065","chrX",100746698,100761065,"cases",14367,0.05444,0.67184,0.0038
"GS_DUP_CNV_7_100614416_100616815","chr7",100614416,100616815,"control",2399,0.17397,0.21561,0.01057
"GS_DUP_CNV_7_100606089_100613269","chr7",100606089,100613269,"control",7180,0.15016,0.18652,0.01057
"GS_DUP_CNV_7_100606089_100619235","chr7",100606089,100619235,"control",13146,0.15016,0.18652,0.01057
"GS_DUP_CNV_7_100551812_100555107","chr7",100551812,100555107,"control",3295,0.03624,0.37782,0
"GS_DUP_CNV_7_100546239_100548288","chr7",100546239,100548288,"control",2049,0.03894,0.41275,0
"GS_DUP_CNV_5_98522763_99321682","chr5",98522763,99321682,"control",798919,0.65789,0.74051,0
"GS_DUP_CNV_2_97888023_97897933","chr2",97888023,97897933,"control",9910,0.49906,0.42658,0
"GS_DUP_CNV_2_97817592_97820699","chr2",97817592,97820699,"control",3107,0.05255,0.33752,0.01071
"GS_DUP_CNV_12_97363076_97365375","chr12",97363076,97365375,"control",2299,0.0103,0.42584,0
"GS_DUP_CNV_10_96911729_96914736","chr10",96911729,96914736,"control",3007,0.01209,0.79014,0.00542
"GS_DUP_CNV_10_96911729_96915885","chr10",96911729,96915885,"control",4156,0.01209,0.79014,0.00542
"GS_DUP_CNV_2_96727240_96734400","chr2",96727240,96734400,"control",7160,0.03584,0.41755,0.00672
"GS_DUP_CNV_2_96726273_96729594","chr2",96726273,96729594,"control",3321,0.03685,0.41887,0.00672
"GS_DUP_CNV_2_96618328_96620997","chr2",96618328,96620997,"control",2669,0.07444,0.27296,0.0101
"GS_DUP_CNV_3_96531748_96533777","chr3",96531748,96533777,"control",2029,0.00436,0.41655,0.01967
"GS_DUP_CNV_10_95544948_95547236","chr10",95544948,95547236,"control",2288,0.02342,0.4246,0
"GS_DUP_CNV_15_94886119_94888492","chr15",94886119,94888492,"control",2373,0.04475,0.25217,0
"GS_DUP_CNV_X_94234911_94297558","chrX",94234911,94297558,"control",62647,0.02779,0.77706,0
"GS_DUP_CNV_11_94086047_94088125","chr11",94086047,94088125,"control",2078,0.01433,0.70546,0.00622
"GS_DUP_CNV_11_94083400_94086805","chr11",94083400,94086805,"control",3405,0.0139,0.71252,0
"GS_DUP_CNV_2_92262156_92268950","chr2",92262156,92268950,"control",6794,0.31477,0.33508,0.03923
"GS_DUP_CNV_2_92060853_92200496","chr2",92060853,92200496,"control",139643,0.03996,0.63157,0.00837
"GS_DUP_CNV_2_92047995_92050831","chr2",92047995,92050831,"control",2836,0.04438,0.59135,0.00837
"GS_DUP_CNV_2_91967953_91971784","chr2",91967953,91971784,"control",3831,0.05491,0.41762,0.0214
"GS_DUP_CNV_2_91959325_91979990","chr2",91959325,91979990,"control",20665,0.0542,0.39138,0.02472
"GS_DUP_CNV_2_91927541_92160114","chr2",91927541,92160114,"control",232573,0.00713,0.35358,0.01037
"GS_DUP_CNV_2_91922389_91924394","chr2",91922389,91924394,"control",2005,0.00651,0.33153,0.02515
"GS_DUP_CNV_2_91873825_91877820","chr2",91873825,91877820,"control",3995,0.01065,0.47132,0.0181
"GS_DUP_CNV_2_91870385_91874595","chr2",91870385,91874595,"control",4210,0.01065,0.49306,0.0181
"GS_DUP_CNV_2_91868249_91871534","chr2",91868249,91871534,"control",3285,0.01065,0.4959,0.0181
"GS_DUP_CNV_2_91862042_91866888","chr2",91862042,91866888,"control",4846,0.01145,0.48058,0.0181
"GS_DUP_CNV_2_91849043_91858269","chr2",91849043,91858269,"control",9226,0.01137,0.52213,0.01478
"GS_DUP_CNV_2_91836915_91840152","chr2",91836915,91840152,"control",3237,0.01177,0.54564,0.01478
"GS_DUP_CNV_2_91836479_91851278","chr2",91836479,91851278,"control",14799,0.01177,0.5477,0.01478
"GS_DUP_CNV_2_91829844_91834977","chr2",91829844,91834977,"control",5133,0.0192,0.56944,0.01478
"GS_DUP_CNV_2_91822819_91835146","chr2",91822819,91835146,"control",12327,0.01979,0.56017,0.00788
"GS_DUP_CNV_2_91806756_91814515","chr2",91806756,91814515,"control",7759,0.02098,0.54672,0.01132
"GS_DUP_CNV_2_91789317_91795447","chr2",91789317,91795447,"control",6130,0.04515,0.58394,0.01132
"GS_DUP_CNV_2_91768021_91772558","chr2",91768021,91772558,"control",4537,0.1435,0.56267,0.01132
"GS_DUP_CNV_2_91760117_91765393","chr2",91760117,91765393,"control",5276,0.18374,0.56465,0.01132
"GS_DUP_CNV_2_91751880_91759416","chr2",91751880,91759416,"control",7536,0.34226,0.57704,0.01132
"GS_DUP_CNV_5_88908487_88918412","chr5",88908487,88918412,"control",9925,0.00825,0.61717,0
"GS_DUP_CNV_16_88564741_88567940","chr16",88564741,88567940,"control",3199,0.15571,0.2049,0.09547
"GS_DUP_CNV_16_88172438_88175002","chr16",88172438,88175002,"control",2564,0.13195,0.41428,0.03462
"GS_DUP_CNV_16_88164438_88166837","chr16",88164438,88166837,"control",2399,0.12097,0.4152,0.02694
"GS_DUP_CNV_2_87540334_87568231","chr2",87540334,87568231,"control",27897,0.08005,0.52894,0.0042
"GS_DUP_CNV_2_87526438_87533774","chr2",87526438,87533774,"control",7336,0.03656,0.45943,0.0042
"GS_DUP_CNV_2_87510340_87513764","chr2",87510340,87513764,"control",3424,0.01886,0.43926,0
"GS_DUP_CNV_2_87488708_87491949","chr2",87488708,87491949,"control",3241,0.04032,0.46952,0
"GS_DUP_CNV_2_87475049_87478391","chr2",87475049,87478391,"control",3342,0.04407,0.50166,0
"GS_DUP_CNV_9_87447257_90751199","chr9",87447257,90751199,"control",3303942,0.03449,0.28766,0
"GS_DUP_CNV_2_87370744_87377211","chr2",87370744,87377211,"control",6467,0.01976,0.46599,0
"GS_DUP_CNV_2_87370518_87372802","chr2",87370518,87372802,"control",2284,0.01976,0.47127,0
"GS_DUP_CNV_9_86644744_90782968","chr9",86644744,90782968,"control",4138224,0.01465,0.70158,0
"GS_DUP_CNV_1_85984880_85987718","chr1",85984880,85987718,"control",2838,0.02468,0.48161,0
"GS_DUP_CNV_1_85980180_85993039","chr1",85980180,85993039,"control",12859,0.01707,0.47009,0
"GS_DUP_CNV_8_85929215_85932129","chr8",85929215,85932129,"control",2914,0.02319,0.64092,0
"GS_DUP_CNV_16_85106183_85310557","chr16",85106183,85310557,"control",204374,0.02489,0.42225,0.0062
"GS_DUP_CNV_15_85073699_85095321","chr15",85073699,85095321,"control",21622,0.03581,0.3609,0.01822
"GS_DUP_CNV_13_84074798_84151817","chr13",84074798,84151817,"control",77019,0.01683,0.51301,0
"GS_DUP_CNV_5_81422962_81430541","chr5",81422962,81430541,"control",7579,0.05081,0.53441,0
"GS_DUP_CNV_10_81294612_81316447","chr10",81294612,81316447,"control",21835,0.05608,0.53039,0
"GS_DUP_CNV_10_81281027_81283376","chr10",81281027,81283376,"control",2349,0.04361,0.51559,0
"GS_DUP_CNV_10_81279899_81283376","chr10",81279899,81283376,"control",3477,0.04328,0.51928,0
"GS_DUP_CNV_2_79329465_79335461","chr2",79329465,79335461,"control",5996,0.00742,0.62888,0
"GS_DUP_CNV_4_78275609_78281019","chr4",78275609,78281019,"control",5410,0.00316,0.50175,0
"GS_DUP_CNV_18_78011105_78015758","chr18",78011105,78015758,"control",4653,0.04414,0.3116,0.0141
"GS_DUP_CNV_3_77826246_77831689","chr3",77826246,77831689,"control",5443,0.01418,0.49757,0
"GS_DUP_CNV_18_77111834_77116833","chr18",77111834,77116833,"control",4999,0.36825,0.25378,0.0908
"GS_DUP_CNV_7_76607655_76611968","chr7",76607655,76611968,"control",4313,0.11447,0.50972,0.00836
"GS_DUP_CNV_7_76607118_76610237","chr7",76607118,76610237,"cases",3119,0.11382,0.50662,0.00836
"GS_DUP_CNV_7_76560054_76569466","chr7",76560054,76569466,"control",9412,0.02377,0.47469,0.0061
"GS_DUP_CNV_7_76557558_76562518","chr7",76557558,76562518,"control",4960,0.02319,0.46206,0.0061
"GS_DUP_CNV_7_76547083_76550786","chr7",76547083,76550786,"control",3703,0.02263,0.45085,0.0061
"GS_DUP_CNV_7_76545161_76561856","chr7",76545161,76561856,"control",16695,0.02232,0.44346,0.0061
"GS_DUP_CNV_7_76527889_76534558","chr7",76527889,76534558,"control",6669,0.02103,0.38822,0
"GS_DUP_CNV_7_76515707_76523849","chr7",76515707,76523849,"control",8142,0.01876,0.38284,0
"GS_DUP_CNV_7_76500525_76507215","chr7",76500525,76507215,"control",6690,0.02727,0.40596,0
"GS_DUP_CNV_7_76492014_76503895","chr7",76492014,76503895,"control",11881,0.02637,0.41673,0
"GS_DUP_CNV_7_76489132_76491400","chr7",76489132,76491400,"control",2268,0.02747,0.45521,0
"GS_DUP_CNV_7_76489132_76503895","chr7",76489132,76503895,"control",14763,0.02747,0.45521,0
"GS_DUP_CNV_7_76468284_76470361","chr7",76468284,76470361,"control",2077,0.02674,0.43749,0
"GS_DUP_CNV_7_76463739_76467279","chr7",76463739,76467279,"control",3540,0.02631,0.4383,0
"GS_DUP_CNV_7_76462652_76472449","chr7",76462652,76472449,"control",9797,0.02656,0.44242,0
"GS_DUP_CNV_7_76452648_76464985","chr7",76452648,76464985,"control",12337,0.02479,0.46526,0
"GS_DUP_CNV_7_76451231_76458956","chr7",76451231,76458956,"control",7725,0.02479,0.4785,0
"GS_DUP_CNV_7_76444211_76446910","chr7",76444211,76446910,"control",2699,0.01707,0.5131,0
"GS_DUP_CNV_7_76439744_76441747","chr7",76439744,76441747,"control",2003,0.01707,0.54643,0
"GS_DUP_CNV_7_76438319_76443816","chr7",76438319,76443816,"control",5497,0.01759,0.54617,0
"GS_DUP_CNV_7_76430174_76443343","chr7",76430174,76443343,"cases",13169,0.0187,0.56092,0
"GS_DUP_CNV_7_76317644_76361019","chr7",76317644,76361019,"control",43375,0.01218,0.52133,0
"GS_DUP_CNV_7_76294128_76305982","chr7",76294128,76305982,"control",11854,0.0119,0.546,0.0075
"GS_DUP_CNV_13_76116775_76120474","chr13",76116775,76120474,"control",3699,0.02231,0.56142,0.01201
"GS_DUP_CNV_3_75270148_75277479","chr3",75270148,75277479,"control",7331,0.00757,0.48331,0
"GS_DUP_CNV_X_75211583_75224933","chrX",75211583,75224933,"control",13350,0.01372,0.83242,0.003
"GS_DUP_CNV_16_74456626_74459876","chr16",74456626,74459876,"control",3250,0.04743,0.488,0.0074
"GS_DUP_CNV_16_74455110_74460766","chr16",74455110,74460766,"cases",5656,0.05313,0.49827,0.0074
"GS_DUP_CNV_16_74429194_74433254","chr16",74429194,74433254,"control",4060,0.07916,0.5644,0.01833
"GS_DUP_CNV_16_74406122_74409209","chr16",74406122,74409209,"control",3087,0.07681,0.51586,0.01833
"GS_DUP_CNV_16_74400416_74406921","chr16",74400416,74406921,"cases",6505,0.07234,0.55068,0.01833
"GS_DUP_CNV_15_74395008_74449264","chr15",74395008,74449264,"control",54256,0.03426,0.39713,0.07366
"GS_DUP_CNV_16_74394726_74397695","chr16",74394726,74397695,"cases",2969,0.07905,0.55625,0.01833
"GS_DUP_CNV_X_74331665_74336521","chrX",74331665,74336521,"control",4856,0.00717,0.62311,0
"GS_DUP_CNV_X_74328330_74335821","chrX",74328330,74335821,"control",7491,0.0077,0.59988,0
"GS_DUP_CNV_9_73905814_73910613","chr9",73905814,73910613,"control",4799,0.02698,0.43706,0
"GS_DUP_CNV_X_73534593_73537243","chrX",73534593,73537243,"control",2650,0.0215,0.58708,0.00582
"GS_DUP_CNV_4_72671572_72674911","chr4",72671572,72674911,"control",3339,0.01591,0.59717,0
"GS_DUP_CNV_9_72024798_72057117","chr9",72024798,72057117,"control",32319,0.02298,0.49674,0.00525
"GS_DUP_CNV_16_70977703_70980402","chr16",70977703,70980402,"control",2699,0.01172,0.53494,0
"GS_DUP_CNV_6_70208624_70225533","chr6",70208624,70225533,"control",16909,0.02399,0.69654,0
"GS_DUP_CNV_16_70188133_70199773","chr16",70188133,70199773,"cases",11640,0.05722,0.49616,0.01833
"GS_DUP_CNV_16_70184325_70188532","chr16",70184325,70188532,"control",4207,0.05738,0.50163,0.01833
"GS_DUP_CNV_16_70177168_70183653","chr16",70177168,70183653,"cases",6485,0.05651,0.4796,0.01833
"GS_DUP_CNV_16_70172229_70175677","chr16",70172229,70175677,"cases",3448,0.0609,0.46884,0.01093
"GS_DUP_CNV_16_70169384_70171611","chr16",70169384,70171611,"control",2227,0.06074,0.47328,0.01093
"GS_DUP_CNV_16_70160527_70167171","chr16",70160527,70167171,"control",6644,0.05517,0.46176,0.01093
"GS_DUP_CNV_16_70157385_70161732","chr16",70157385,70161732,"control",4347,0.05847,0.48185,0.01093
"GS_DUP_CNV_16_70156106_70158971","chr16",70156106,70158971,"control",2865,0.05847,0.48844,0.01093
"GS_DUP_CNV_16_70155487_70158883","chr16",70155487,70158883,"cases",3396,0.05847,0.48823,0.01093
"GS_DUP_CNV_9_69840161_69851904","chr9",69840161,69851904,"cases",11743,0.11314,0.65302,0
"GS_DUP_CNV_9_69837498_69839626","chr9",69837498,69839626,"control",2128,0.11501,0.62261,0
"GS_DUP_CNV_9_69835400_69842399","chr9",69835400,69842399,"cases",6999,0.16342,0.62506,0
"GS_DUP_CNV_9_69832023_69837001","chr9",69832023,69837001,"control",4978,0.16809,0.6138,0.02446
"GS_DUP_CNV_9_69827841_69832176","chr9",69827841,69832176,"control",4335,0.16877,0.59791,0.02446
"GS_DUP_CNV_9_69827741_69830425","chr9",69827741,69830425,"control",2684,0.16877,0.59791,0.02446
"GS_DUP_CNV_9_69825131_69829127","chr9",69825131,69829127,"cases",3996,0.16909,0.59689,0.02446
"GS_DUP_CNV_9_69809558_69811983","chr9",69809558,69811983,"cases",2425,0.16847,0.59668,0.02446
"GS_DUP_CNV_9_69804939_69807803","chr9",69804939,69807803,"cases",2864,0.16898,0.60402,0.02446
"GS_DUP_CNV_9_69804768_69811683","chr9",69804768,69811683,"control",6915,0.16898,0.60168,0.02446
"GS_DUP_CNV_X_69461916_69470520","chrX",69461916,69470520,"control",8604,0.01242,0.48667,0.00318
"GS_DUP_CNV_6_69229826_69241785","chr6",69229826,69241785,"control",11959,0.01907,0.60773,0
"GS_DUP_CNV_9_68990054_68992498","chr9",68990054,68992498,"control",2444,0.30599,0.35537,0
"GS_DUP_CNV_9_68989619_68991741","chr9",68989619,68991741,"control",2122,0.30599,0.34113,0
"GS_DUP_CNV_9_68379787_68383069","chr9",68379787,68383069,"control",3282,0.04685,0.55488,0.02565
"GS_DUP_CNV_9_67335834_67339998","chr9",67335834,67339998,"control",4164,0.3541,0.46146,0
"GS_DUP_CNV_9_67331891_67336156","chr9",67331891,67336156,"control",4265,0.35523,0.47301,0
"GS_DUP_CNV_9_67328690_67336702","chr9",67328690,67336702,"control",8012,0.35523,0.48768,0
"GS_DUP_CNV_9_66830991_66839512","chr9",66830991,66839512,"control",8521,0.77452,0.34447,0
"GS_DUP_CNV_9_66826636_66831598","chr9",66826636,66831598,"control",4962,0.77452,0.34447,0
"GS_DUP_CNV_9_66534680_66537391","chr9",66534680,66537391,"control",2711,0.02426,0.56291,0.02313
"GS_DUP_CNV_9_66526359_66528421","chr9",66526359,66528421,"control",2062,0.02359,0.56312,0.02313
"GS_DUP_CNV_9_66516337_66522285","chr9",66516337,66522285,"control",5948,0.02444,0.58772,0.01544
"GS_DUP_CNV_9_66514391_66516988","chr9",66514391,66516988,"control",2597,0.02386,0.57482,0.01544
"GS_DUP_CNV_7_65275963_65278995","chr7",65275963,65278995,"control",3032,0.04544,0.60787,0.00937
"GS_DUP_CNV_7_65259671_65287767","chr7",65259671,65287767,"control",28096,0.04834,0.55361,0.017
"GS_DUP_CNV_13_64346184_64348283","chr13",64346184,64348283,"control",2099,0.08771,0.5242,0.00338
"GS_DUP_CNV_13_64339609_64385428","chr13",64339609,64385428,"control",45819,0.08816,0.5541,0.00338
"GS_DUP_CNV_12_63939118_64129986","chr12",63939118,64129986,"control",190868,0.05192,0.57832,0
"GS_DUP_CNV_13_63644723_63649443","chr13",63644723,63649443,"control",4720,0.0229,0.43235,0
"GS_DUP_CNV_18_63198932_63201558","chr18",63198932,63201558,"control",2626,0.03296,0.51908,0
"GS_DUP_CNV_11_63191433_63198100","chr11",63191433,63198100,"control",6667,0.00769,0.74206,0
"GS_DUP_CNV_11_63187958_63192966","chr11",63187958,63192966,"control",5008,0.00767,0.7351,0
"GS_DUP_CNV_7_63037709_63040972","chr7",63037709,63040972,"control",3263,0.03504,0.59041,0.01791
"GS_DUP_CNV_7_63035668_63039002","chr7",63035668,63039002,"control",3334,0.03245,0.60049,0.01791
"GS_DUP_CNV_7_63032040_63035002","chr7",63032040,63035002,"control",2962,0.03388,0.59224,0.01791
"GS_DUP_CNV_7_63030821_63034504","chr7",63030821,63034504,"control",3683,0.03437,0.59473,0.01791
"GS_DUP_CNV_7_63026573_63034504","chr7",63026573,63034504,"control",7931,0.03429,0.59543,0.01791
"GS_DUP_CNV_7_62983626_62985857","chr7",62983626,62985857,"control",2231,0.03854,0.52471,0.01551
"GS_DUP_CNV_7_62979803_62985085","chr7",62979803,62985085,"control",5282,0.03581,0.53433,0.00826
"GS_DUP_CNV_X_62477400_62509634","chrX",62477400,62509634,"control",32234,0.02586,0.86176,0
"GS_DUP_CNV_7_62474100_62476349","chr7",62474100,62476349,"control",2249,0.62296,0.57712,0.00468
"GS_DUP_CNV_7_62468558_62476349","chr7",62468558,62476349,"control",7791,0.62027,0.55832,0.00468
"GS_DUP_CNV_7_61898463_61902003","chr7",61898463,61902003,"control",3540,1.01997,0.68492,0
"GS_DUP_CNV_8_60135907_60138341","chr8",60135907,60138341,"control",2434,0.0084,0.56208,0
"GS_DUP_CNV_8_60133907_60136606","chr8",60133907,60136606,"control",2699,0.00727,0.54481,0
"GS_DUP_CNV_20_59903171_59905299","chr20",59903171,59905299,"control",2128,0.12197,0.30294,0.00321
"GS_DUP_CNV_20_59621107_59623206","chr20",59621107,59623206,"control",2099,0.05448,0.41102,0.00462
"GS_DUP_CNV_20_59618747_59621606","chr20",59618747,59621606,"control",2859,0.05448,0.396,0.00462
"GS_DUP_CNV_6_58145037_58148647","chr6",58145037,58148647,"control",3610,0.01114,0.23255,0.00289
"GS_DUP_CNV_X_57750608_57754377","chrX",57750608,57754377,"control",3769,0.072,0.84375,0
"GS_DUP_CNV_7_57746287_57748310","chr7",57746287,57748310,"control",2023,0.02176,0.56795,0
"GS_DUP_CNV_X_57745155_57752538","chrX",57745155,57752538,"control",7383,0.07321,0.87432,0
"GS_DUP_CNV_7_57702666_57705589","chr7",57702666,57705589,"control",2923,0.03868,0.53792,0.00513
"GS_DUP_CNV_6_57603885_57609134","chr6",57603885,57609134,"control",5249,0.01241,0.73006,0
"GS_DUP_CNV_6_57602235_57605334","chr6",57602235,57605334,"control",3099,0.01453,0.74069,0
"GS_DUP_CNV_6_57594528_57601411","chr6",57594528,57601411,"control",6883,0.01481,0.77649,0
"GS_DUP_CNV_6_57591628_57598012","chr6",57591628,57598012,"control",6384,0.01436,0.77761,0
"GS_DUP_CNV_6_57588890_57592927","chr6",57588890,57592927,"control",4037,0.01471,0.76191,0
"GS_DUP_CNV_6_57580572_57587753","chr6",57580572,57587753,"control",7181,0.03764,0.75223,0
"GS_DUP_CNV_6_57577622_57580646","chr6",57577622,57580646,"control",3024,0.06485,0.75958,0
"GS_DUP_CNV_6_57575722_57583071","chr6",57575722,57583071,"control",7349,0.06158,0.74047,0
"GS_DUP_CNV_6_57572987_57575021","chr6",57572987,57575021,"control",2034,0.06223,0.75424,0
"GS_DUP_CNV_6_57566647_57568946","chr6",57566647,57568946,"control",2299,0.06216,0.74975,0
"GS_DUP_CNV_6_57562194_57565493","chr6",57562194,57565493,"control",3299,0.06148,0.73306,0
"GS_DUP_CNV_6_57557464_57560563","chr6",57557464,57560563,"control",3099,0.06181,0.73547,0
"GS_DUP_CNV_6_57545856_57550098","chr6",57545856,57550098,"control",4242,0.06164,0.70173,0
"GS_DUP_CNV_6_57535509_57542953","chr6",57535509,57542953,"control",7444,0.06164,0.66273,0
"GS_DUP_CNV_6_57527964_57532700","chr6",57527964,57532700,"control",4736,0.06478,0.68704,0
"GS_DUP_CNV_6_57526064_57531700","chr6",57526064,57531700,"control",5636,0.06408,0.68591,0
"GS_DUP_CNV_6_57517709_57523513","chr6",57517709,57523513,"control",5804,0.06408,0.67174,0
"GS_DUP_CNV_6_57511984_57523238","chr6",57511984,57523238,"control",11254,0.06171,0.6393,0
"GS_DUP_CNV_6_57508957_57511280","chr6",57508957,57511280,"control",2323,0.06093,0.63984,0
"GS_DUP_CNV_6_57505489_57508756","chr6",57505489,57508756,"control",3267,0.06093,0.62737,0
"GS_DUP_CNV_6_57496573_57508756","chr6",57496573,57508756,"control",12183,0.0588,0.57372,0
"GS_DUP_CNV_6_57488183_57493297","chr6",57488183,57493297,"control",5114,0.05845,0.56045,0
"GS_DUP_CNV_6_57488008_57491422","chr6",57488008,57491422,"control",3414,0.05845,0.56045,0
"GS_DUP_CNV_6_57484283_57487382","chr6",57484283,57487382,"control",3099,0.05845,0.55237,0
"GS_DUP_CNV_6_57482883_57484982","chr6",57482883,57484982,"control",2099,0.03411,0.54277,0
"GS_DUP_CNV_6_57475770_57479169","chr6",57475770,57479169,"control",3399,0.0073,0.50614,0
"GS_DUP_CNV_6_57473670_57475969","chr6",57473670,57475969,"control",2299,0.0073,0.48239,0
"GS_DUP_CNV_6_57469470_57477419","chr6",57469470,57477419,"control",7949,0.00635,0.55299,0
"GS_DUP_CNV_6_57465308_57469719","chr6",57465308,57469719,"control",4411,0.00635,0.57092,0
"GS_DUP_CNV_6_57462008_57466007","chr6",57462008,57466007,"control",3999,0.00635,0.56941,0
"GS_DUP_CNV_6_57459708_57462307","chr6",57459708,57462307,"control",2599,0.00602,0.56893,0
"GS_DUP_CNV_6_57455608_57458607","chr6",57455608,57458607,"control",2999,0.00647,0.52462,0
"GS_DUP_CNV_6_57453758_57456507","chr6",57453758,57456507,"control",2749,0.00622,0.53192,0
"GS_DUP_CNV_6_57433664_57442825","chr6",57433664,57442825,"control",9161,0.00721,0.51943,0
"GS_DUP_CNV_6_57429817_57432066","chr6",57429817,57432066,"control",2249,0.00404,0.50955,0
"GS_DUP_CNV_6_57409787_57418034","chr6",57409787,57418034,"control",8247,0.00462,0.4519,0
"GS_DUP_CNV_6_57402925_57405459","chr6",57402925,57405459,"control",2534,0.00509,0.44499,0
"GS_DUP_CNV_6_57398789_57402274","chr6",57398789,57402274,"control",3485,0.00575,0.4389,0
"GS_DUP_CNV_6_57386065_57400063","chr6",57386065,57400063,"control",13998,0.00636,0.43893,0
"GS_DUP_CNV_6_57381827_57384814","chr6",57381827,57384814,"control",2987,0.00806,0.43602,0
"GS_DUP_CNV_6_57375677_57384914","chr6",57375677,57384914,"control",9237,0.00725,0.39911,0
"GS_DUP_CNV_6_57337289_57342590","chr6",57337289,57342590,"control",5301,0.00706,0.40033,0
"GS_DUP_CNV_6_57317725_57328828","chr6",57317725,57328828,"control",11103,0.00654,0.43586,0
"GS_DUP_CNV_6_57252664_57632044","chr6",57252664,57632044,"control",379380,0.00605,0.47488,0
"GS_DUP_CNV_6_57240772_57242870","chr6",57240772,57242870,"control",2098,0.00735,0.56089,0
"GS_DUP_CNV_6_57233210_57235309","chr6",57233210,57235309,"control",2099,0.00737,0.57388,0
"GS_DUP_CNV_6_57196074_57232259","chr6",57196074,57232259,"control",36185,0.03891,0.56528,0
"GS_DUP_CNV_7_56557926_56561351","chr7",56557926,56561351,"control",3425,0.07225,0.5624,0.00504
"GS_DUP_CNV_7_56557397_56564151","chr7",56557397,56564151,"control",6754,0.07225,0.56705,0.00504
"GS_DUP_CNV_11_56465636_56472226","chr11",56465636,56472226,"control",6590,0.0139,0.62582,0
"GS_DUP_CNV_2_56020850_56038650","chr2",56020850,56038650,"control",17800,0.04735,0.68404,0
"GS_DUP_CNV_12_55894669_55913691","chr12",55894669,55913691,"control",19022,0.03855,0.65831,0
"GS_DUP_CNV_16_55857535_55862405","chr16",55857535,55862405,"control",4870,0.03664,0.48248,0.00351
"GS_DUP_CNV_7_55810642_55812671","chr7",55810642,55812671,"control",2029,0.09675,0.59355,0.00289
"GS_DUP_CNV_7_55809600_55812171","chr7",55809600,55812171,"control",2571,0.09675,0.58847,0.00289
"GS_DUP_CNV_12_55782259_55784358","chr12",55782259,55784358,"control",2099,0.0191,0.48916,0
"GS_DUP_CNV_11_55635892_55648941","chr11",55635892,55648941,"control",13049,0.01944,0.29678,0.01427
"GS_DUP_CNV_11_55459254_56009732","chr11",55459254,56009732,"control",550478,0.01435,0.50245,0
"GS_DUP_CNV_11_55359171_55364613","chr11",55359171,55364613,"control",5442,0.01267,0.65956,0
"GS_DUP_CNV_11_55354239_55364613","chr11",55354239,55364613,"control",10374,0.01268,0.67325,0
"GS_DUP_CNV_11_55347256_55362288","chr11",55347256,55362288,"control",15032,0.01268,0.66066,0
"GS_DUP_CNV_11_55118925_55120924","chr11",55118925,55120924,"control",1999,0.00936,0.58009,0
"GS_DUP_CNV_11_55117875_55121124","chr11",55117875,55121124,"control",3249,0.009,0.58127,0
"GS_DUP_CNV_11_55109456_55112155","chr11",55109456,55112155,"control",2699,0.00986,0.52126,0
"GS_DUP_CNV_11_55109456_55113324","chr11",55109456,55113324,"control",3868,0.00986,0.52126,0
"GS_DUP_CNV_11_55103453_55434455","chr11",55103453,55434455,"control",331002,0.01561,0.52853,0
"GS_DUP_CNV_19_53550517_53553729","chr19",53550517,53553729,"control",3212,0.08948,0.62175,0.01095
"GS_DUP_CNV_19_53546192_53551266","chr19",53546192,53551266,"control",5074,0.08777,0.63816,0.01391
"GS_DUP_CNV_19_53534542_53536902","chr19",53534542,53536902,"control",2360,0.08813,0.65371,0.01391
"GS_DUP_CNV_19_53530883_53534291","chr19",53530883,53534291,"cases",3408,0.089,0.63857,0.01391
"GS_DUP_CNV_13_52908030_52911035","chr13",52908030,52911035,"control",3005,0.0306,0.56352,0.00402
"GS_DUP_CNV_13_52895610_52901016","chr13",52895610,52901016,"control",5406,0.0299,0.59493,0.00402
"GS_DUP_CNV_13_52885575_52891010","chr13",52885575,52891010,"control",5435,0.02577,0.6519,0.00402
"GS_DUP_CNV_13_52882276_52887064","chr13",52882276,52887064,"control",4788,0.02782,0.64539,0.00402
"GS_DUP_CNV_13_52874036_52876387","chr13",52874036,52876387,"control",2351,0.01245,0.64201,0.00402
"GS_DUP_CNV_13_52863449_52876387","chr13",52863449,52876387,"control",12938,0.01269,0.66221,0.00402
"GS_DUP_CNV_13_52861247_52863448","chr13",52861247,52863448,"control",2201,0.01269,0.6399,0.00402
"GS_DUP_CNV_13_52857165_52863010","chr13",52857165,52863010,"control",5845,0.01161,0.68697,0
"GS_DUP_CNV_13_52852408_52857164","chr13",52852408,52857164,"control",4756,0.00933,0.6509,0
"GS_DUP_CNV_13_52852028_52859528","chr13",52852028,52859528,"control",7500,0.00933,0.64238,0
"GS_DUP_CNV_X_52658969_52675046","chrX",52658969,52675046,"control",16077,0.02692,0.52077,0
"GS_DUP_CNV_20_52476316_52482172","chr20",52476316,52482172,"control",5856,0.0786,0.62638,0
"GS_DUP_CNV_10_51775062_51783179","chr10",51775062,51783179,"control",8117,0.09639,0.46834,0.00216
"GS_DUP_CNV_11_51454358_51494275","chr11",51454358,51494275,"control",39917,0.00985,0.60767,0
"GS_DUP_CNV_22_51068449_51075153","chr22",51068449,51075153,"control",6704,0.07609,0.60283,0.06608
"GS_DUP_CNV_11_48361087_48364109","chr11",48361087,48364109,"control",3022,0.01682,0.70932,0
"GS_DUP_CNV_10_48356986_48359985","chr10",48356986,48359985,"control",2999,0.07086,0.40497,0.01353
"GS_DUP_CNV_11_48356937_48363509","chr11",48356937,48363509,"control",6572,0.01682,0.67853,0
"GS_DUP_CNV_11_48356837_48359536","chr11",48356837,48359536,"control",2699,0.01682,0.67853,0
"GS_DUP_CNV_X_47878960_47882646","chrX",47878960,47882646,"cases",3686,0.08682,0.61751,0.00217
"GS_DUP_CNV_10_47683657_47690771","chr10",47683657,47690771,"control",7114,0.05774,0.40307,0.01519
"GS_DUP_CNV_10_47679885_47683028","chr10",47679885,47683028,"control",3143,0.05446,0.41388,0.01296
"GS_DUP_CNV_10_47651746_47679194","chr10",47651746,47679194,"control",27448,0.04994,0.39168,0.01296
"GS_DUP_CNV_10_47140309_47151357","chr10",47140309,47151357,"cases",11048,0.02698,0.50938,0.00252
"GS_DUP_CNV_10_47058236_47123411","chr10",47058236,47123411,"control",65175,0.09212,0.53175,0.00292
"GS_DUP_CNV_10_47024194_47048846","chr10",47024194,47048846,"control",24652,0.09177,0.51892,0.01174
"GS_DUP_CNV_10_47018311_47020510","chr10",47018311,47020510,"control",2199,0.09234,0.46879,0.0274
"GS_DUP_CNV_10_47001495_47019410","chr10",47001495,47019410,"control",17915,0.04682,0.45363,0.0274
"GS_DUP_CNV_10_46987790_46998469","chr10",46987790,46998469,"control",10679,0.05006,0.47903,0.0274
"GS_DUP_CNV_10_46976400_46987889","chr10",46976400,46987889,"control",11489,0.04531,0.49307,0.0274
"GS_DUP_CNV_10_46966242_46976599","chr10",46966242,46976599,"control",10357,0.0277,0.47132,0.0274
"GS_DUP_CNV_10_46962803_46969148","chr10",46962803,46969148,"cases",6345,0.02463,0.46635,0.02987
"GS_DUP_CNV_10_46952579_46962386","chr10",46952579,46962386,"control",9807,0.02585,0.49951,0.02661
"GS_DUP_CNV_10_46946623_46949570","chr10",46946623,46949570,"cases",2947,0.02585,0.52029,0.02661
"GS_DUP_CNV_21_46473034_46475133","chr21",46473034,46475133,"control",2099,0.05801,0.42952,0.03513
"GS_DUP_CNV_10_46219199_46222483","chr10",46219199,46222483,"control",3284,0.0335,0.42623,0.01094
"GS_DUP_CNV_15_45322983_45325565","chr15",45322983,45325565,"control",2582,0.01661,0.59505,0.00342
"GS_DUP_CNV_2_45307594_45322967","chr2",45307594,45322967,"control",15373,0.01915,0.56153,0
"GS_DUP_CNV_15_45260811_45280107","chr15",45260811,45280107,"control",19296,0.02163,0.64012,0
"GS_DUP_CNV_9_44794256_44797357","chr9",44794256,44797357,"control",3101,0.06257,0.57018,0.00424
"GS_DUP_CNV_9_44791505_44804366","chr9",44791505,44804366,"control",12861,0.07583,0.57822,0.00271
"GS_DUP_CNV_17_44328650_44332092","chr17",44328650,44332092,"cases",3442,0.06941,0.60141,0.02531
"GS_DUP_CNV_17_44307529_44310159","chr17",44307529,44310159,"control",2630,0.07278,0.57907,0.03693
"GS_DUP_CNV_17_44265163_44268084","chr17",44265163,44268084,"control",2921,0.02496,0.49824,0.01576
"GS_DUP_CNV_17_44233275_44236797","chr17",44233275,44236797,"cases",3522,0.01871,0.45243,0.01162
"GS_DUP_CNV_17_44232275_44235297","chr17",44232275,44235297,"control",3022,0.01954,0.44612,0.01162
"GS_DUP_CNV_17_44222519_44224714","chr17",44222519,44224714,"cases",2195,0.01994,0.44051,0.01162
"GS_DUP_CNV_17_44212296_44214895","chr17",44212296,44214895,"cases",2599,0.02044,0.46204,0
"GS_DUP_CNV_17_44208595_44212395","chr17",44208595,44212395,"control",3800,0.01946,0.45341,0
"GS_DUP_CNV_17_44203945_44212345","chr17",44203945,44212345,"cases",8400,0.019,0.44689,0
"GS_DUP_CNV_17_44190197_44205406","chr17",44190197,44205406,"control",15209,0.01546,0.44955,0
"GS_DUP_CNV_17_44171274_44186585","chr17",44171274,44186585,"cases",15311,0.01964,0.48242,0
"GS_DUP_CNV_17_44166099_44169446","chr17",44166099,44169446,"cases",3347,0.01963,0.47273,0
"GS_DUP_CNV_17_44164952_44167198","chr17",44164952,44167198,"cases",2246,0.01963,0.4642,0
"GS_DUP_CNV_9_43858076_43864131","chr9",43858076,43864131,"cases",6055,0.02222,0.50661,0.00311
"GS_DUP_CNV_17_43686406_43691548","chr17",43686406,43691548,"control",5142,0.05398,0.58561,0.02928
"GS_DUP_CNV_17_43685596_43689497","chr17",43685596,43689497,"control",3901,0.05363,0.58196,0.02928
"GS_DUP_CNV_17_43656845_43662407","chr17",43656845,43662407,"control",5562,0.05205,0.54628,0.02928
"GS_DUP_CNV_17_43654845_43659503","chr17",43654845,43659503,"control",4658,0.05205,0.54117,0.02928
"GS_DUP_CNV_17_43650454_43655744","chr17",43650454,43655744,"control",5290,0.05001,0.55553,0.02928
"GS_DUP_CNV_19_43231810_43244464","chr19",43231810,43244464,"control",12654,0.00916,0.67461,0.00214
"GS_DUP_CNV_10_43200583_43234374","chr10",43200583,43234374,"control",33791,0.02119,0.47936,0
"GS_DUP_CNV_10_43026890_43033491","chr10",43026890,43033491,"control",6601,0.02229,0.68757,0.00888
"GS_DUP_CNV_11_42967604_42973442","chr11",42967604,42973442,"control",5838,0.01793,0.57675,0
"GS_DUP_CNV_12_42035437_42059391","chr12",42035437,42059391,"control",23954,0.01074,0.62449,0
"GS_DUP_CNV_9_40753406_40755691","chr9",40753406,40755691,"control",2285,0.03403,0.53459,0.0044
"GS_DUP_CNV_9_40618945_40627410","chr9",40618945,40627410,"control",8465,0.01433,0.49308,0.00497
"GS_DUP_CNV_15_39194946_39248859","chr15",39194946,39248859,"control",53913,0.01005,0.45602,0
"GS_DUP_CNV_9_39037494_39042888","chr9",39037494,39042888,"control",5394,0.01029,0.56964,0.00317
"GS_DUP_CNV_9_39015649_39022855","chr9",39015649,39022855,"control",7206,0.01079,0.58127,0
"GS_DUP_CNV_9_39008454_39012394","chr9",39008454,39012394,"control",3940,0.00981,0.59426,0
"GS_DUP_CNV_X_38588320_38612986","chrX",38588320,38612986,"control",24666,0.01211,0.53549,0
"GS_DUP_CNV_10_38565513_38570957","chr10",38565513,38570957,"control",5444,0.02286,0.51412,0
"GS_DUP_CNV_10_38563494_38567152","chr10",38563494,38567152,"control",3658,0.02286,0.49782,0
"GS_DUP_CNV_10_38560828_38564609","chr10",38560828,38564609,"control",3781,0.02203,0.49147,0
"GS_DUP_CNV_10_38559893_38562363","chr10",38559893,38562363,"control",2470,0.02203,0.49147,0
"GS_DUP_CNV_12_38447866_38450520","chr12",38447866,38450520,"control",2654,0.49919,0.64645,0
"GS_DUP_CNV_2_37978105_38004287","chr2",37978105,38004287,"control",26182,0.00794,0.46419,0
"GS_DUP_CNV_2_37956847_37983004","chr2",37956847,37983004,"control",26157,0.00603,0.48343,0
"GS_DUP_CNV_X_37374545_37382265","chrX",37374545,37382265,"control",7720,0.06427,0.60691,0.01266
"GS_DUP_CNV_X_37353313_37363119","chrX",37353313,37363119,"control",9806,0.06584,0.56896,0.01009
"GS_DUP_CNV_17_36397059_36399904","chr17",36397059,36399904,"control",2845,0.05482,0.57497,0.0078
"GS_DUP_CNV_17_36388636_36391561","chr17",36388636,36391561,"control",2925,0.05573,0.53432,0.0078
"GS_DUP_CNV_17_36381641_36384140","chr17",36381641,36384140,"control",2499,0.04555,0.50044,0.01135
"GS_DUP_CNV_17_36381641_36386130","chr17",36381641,36386130,"control",4489,0.04555,0.50044,0.01135
"GS_DUP_CNV_17_36373165_36377795","chr17",36373165,36377795,"control",4630,0.03024,0.50183,0.01135
"GS_DUP_CNV_17_36362923_36371456","chr17",36362923,36371456,"control",8533,0.0339,0.49999,0.00355
"GS_DUP_CNV_17_36354302_36359277","chr17",36354302,36359277,"control",4975,0.02477,0.51637,0.00355
"GS_DUP_CNV_17_36299380_36305962","chr17",36299380,36305962,"control",6582,0.03835,0.51645,0.00937
"GS_DUP_CNV_17_36299280_36303896","chr17",36299280,36303896,"control",4616,0.03835,0.52085,0.00937
"GS_DUP_CNV_17_36296703_36301294","chr17",36296703,36301294,"control",4591,0.03828,0.54236,0.00937
"GS_DUP_CNV_18_34844313_34847286","chr18",34844313,34847286,"control",2973,0.0256,0.24365,0.02187
"GS_DUP_CNV_16_34737095_34740994","chr16",34737095,34740994,"control",3899,0.03455,0.5292,0.00952
"GS_DUP_CNV_16_34698578_34704097","chr16",34698578,34704097,"control",5519,0.02401,0.48293,0.01145
"GS_DUP_CNV_16_34692379_34719832","chr16",34692379,34719832,"control",27453,0.02386,0.47844,0.01145
"GS_DUP_CNV_16_34689529_34693978","chr16",34689529,34693978,"control",4449,0.02413,0.47892,0.00463
"GS_DUP_CNV_16_34628995_34648168","chr16",34628995,34648168,"control",19173,0.01906,0.54056,0.0087
"GS_DUP_CNV_16_34565266_34568465","chr16",34565266,34568465,"control",3199,0.01066,0.66046,0.00407
"GS_DUP_CNV_16_34558567_34561755","chr16",34558567,34561755,"control",3188,0.01432,0.66696,0.00407
"GS_DUP_CNV_16_34547318_34551417","chr16",34547318,34551417,"control",4099,0.01373,0.67268,0.00407
"GS_DUP_CNV_16_34546118_34548117","chr16",34546118,34548117,"control",1999,0.01453,0.67136,0.00407
"GS_DUP_CNV_16_34510215_34563515","chr16",34510215,34563515,"control",53300,0.01549,0.57646,0
"GS_DUP_CNV_16_34507115_34512494","chr16",34507115,34512494,"control",5379,0.01549,0.62054,0
"GS_DUP_CNV_16_34477731_34481348","chr16",34477731,34481348,"control",3617,0.01882,0.55408,0.00817
"GS_DUP_CNV_16_34470360_34483746","chr16",34470360,34483746,"control",13386,0.01905,0.49175,0.00817
"GS_DUP_CNV_16_34464673_34469059","chr16",34464673,34469059,"control",4386,0.01905,0.45376,0.00817
"GS_DUP_CNV_16_33580317_33585239","chr16",33580317,33585239,"control",4922,0.13325,0.38297,0.00884
"GS_DUP_CNV_16_33579978_33583647","chr16",33579978,33583647,"control",3669,0.13325,0.38297,0.00884
"GS_DUP_CNV_16_33575503_33581510","chr16",33575503,33581510,"control",6007,0.13151,0.36377,0.00884
"GS_DUP_CNV_16_33574316_33581510","chr16",33574316,33581510,"control",7194,0.13074,0.35591,0.00884
"GS_DUP_CNV_16_33522214_33529832","chr16",33522214,33529832,"control",7618,0.07976,0.45239,0.00328
"GS_DUP_CNV_16_33504352_33507302","chr16",33504352,33507302,"control",2950,0.07939,0.45131,0.00328
"GS_DUP_CNV_16_32647490_32659897","chr16",32647490,32659897,"control",12407,0.24645,0.46961,0.01864
"GS_DUP_CNV_16_32641738_32645089","chr16",32641738,32645089,"control",3351,0.3153,0.45248,0.01864
"GS_DUP_CNV_16_32640138_32643359","chr16",32640138,32643359,"control",3221,0.47004,0.44341,0.01864
"GS_DUP_CNV_16_32618123_32642237","chr16",32618123,32642237,"control",24114,0.84208,0.58674,0.00951
"GS_DUP_CNV_16_32609979_32624597","chr16",32609979,32624597,"control",14618,1.07404,0.63637,0
"GS_DUP_CNV_16_32608479_32612195","chr16",32608479,32612195,"control",3716,1.01104,0.62565,0
"GS_DUP_CNV_16_32485803_32488030","chr16",32485803,32488030,"control",2227,0.99658,0.62943,0.00289
"GS_DUP_CNV_16_32480300_32486052","chr16",32480300,32486052,"control",5752,0.90697,0.68077,0.00289
"GS_DUP_CNV_16_32470195_32479043","chr16",32470195,32479043,"control",8848,0.51366,0.67581,0.00289
"GS_DUP_CNV_16_32469758_32486302","chr16",32469758,32486302,"control",16544,0.51434,0.6806,0.00289
"GS_DUP_CNV_16_32468106_32479243","chr16",32468106,32479243,"control",11137,0.51493,0.69397,0.00289
"GS_DUP_CNV_16_32463821_32467763","chr16",32463821,32467763,"control",3942,0.50534,0.59418,0.00289
"GS_DUP_CNV_16_32460582_32465332","chr16",32460582,32465332,"control",4750,0.47349,0.61958,0.00289
"GS_DUP_CNV_6_32450257_32452656","chr6",32450257,32452656,"control",2399,0.0481,0.66264,0.00386
"GS_DUP_CNV_16_32449640_32454517","chr16",32449640,32454517,"control",4877,0.23954,0.60819,0.00289
"GS_DUP_CNV_16_32446128_32451927","chr16",32446128,32451927,"control",5799,0.02975,0.62776,0.00289
"GS_DUP_CNV_16_32443268_32452127","chr16",32443268,32452127,"control",8859,0.03178,0.648,0.00289
"GS_DUP_CNV_16_32435039_32439029","chr16",32435039,32439029,"control",3990,0.02751,0.68986,0
"GS_DUP_CNV_16_32419001_32421496","chr16",32419001,32421496,"control",2495,0.01413,0.69963,0
"GS_DUP_CNV_16_32400116_32408452","chr16",32400116,32408452,"control",8336,0.0217,0.7026,0.00834
"GS_DUP_CNV_16_32394588_32398119","chr16",32394588,32398119,"control",3531,0.04955,0.7268,0.00834
"GS_DUP_CNV_16_32392603_32396526","chr16",32392603,32396526,"control",3923,0.30994,0.72925,0.00834
"GS_DUP_CNV_16_32390221_32394087","chr16",32390221,32394087,"control",3866,0.31041,0.7363,0.00834
"GS_DUP_CNV_16_32386066_32391556","chr16",32386066,32391556,"control",5490,0.31041,0.72574,0.00834
"GS_DUP_CNV_16_32384582_32389810","chr16",32384582,32389810,"control",5228,0.31009,0.71566,0.00834
"GS_DUP_CNV_16_32370303_32379288","chr16",32370303,32379288,"control",8985,0.3108,0.64548,0.01799
"GS_DUP_CNV_16_32365268_32369466","chr16",32365268,32369466,"control",4198,0.30862,0.66017,0.01799
"GS_DUP_CNV_16_32363158_32369466","chr16",32363158,32369466,"control",6308,0.31589,0.66267,0.01799
"GS_DUP_CNV_16_32356189_32364013","chr16",32356189,32364013,"control",7824,0.31742,0.62035,0.01799
"GS_DUP_CNV_16_32354038_32362914","chr16",32354038,32362914,"control",8876,0.31558,0.61805,0.01799
"GS_DUP_CNV_16_32353577_32358064","chr16",32353577,32358064,"control",4487,0.31558,0.61712,0.01799
"GS_DUP_CNV_16_32329015_32331730","chr16",32329015,32331730,"control",2715,0.46262,0.58224,0.03261
"GS_DUP_CNV_16_32177611_32183096","chr16",32177611,32183096,"control",5485,0.12031,0.39822,0.01125
"GS_DUP_CNV_16_32177561_32180220","chr16",32177561,32180220,"control",2659,0.12031,0.39822,0.01125
"GS_DUP_CNV_16_32014855_32040002","chr16",32014855,32040002,"control",25147,0.07905,0.52604,0.00363
"GS_DUP_CNV_15_32010319_32426115","chr15",32010319,32426115,"control",415796,0.00863,0.5751,0
"GS_DUP_CNV_15_32006367_32017181","chr15",32006367,32017181,"control",10814,0.00913,0.57207,0
"GS_DUP_CNV_6_32004642_32008199","chr6",32004642,32008199,"control",3557,0.00716,0.24366,0.00279
"GS_DUP_CNV_12_31273743_31288034","chr12",31273743,31288034,"control",14291,0.0852,0.38657,0.00843
"GS_DUP_CNV_12_31265926_31271349","chr12",31265926,31271349,"control",5423,0.08546,0.37996,0.00843
"GS_DUP_CNV_9_30963715_31053296","chr9",30963715,31053296,"control",89581,0.01926,0.59869,0
"GS_DUP_CNV_7_29786377_29788736","chr7",29786377,29788736,"cases",2359,0.03059,0.60768,0
"GS_DUP_CNV_7_29785277_29788736","chr7",29785277,29788736,"control",3459,0.03084,0.61069,0
"GS_DUP_CNV_7_29780137_29790536","chr7",29780137,29790536,"control",10399,0.03044,0.59508,0
"GS_DUP_CNV_7_29690293_29748094","chr7",29690293,29748094,"control",57801,0.02865,0.53741,0.01694
"GS_DUP_CNV_20_29572881_29576681","chr20",29572881,29576681,"control",3800,0.03036,0.47461,0.02141
"GS_DUP_CNV_20_29520574_29545239","chr20",29520574,29545239,"control",24665,0.13477,0.52771,0.01304
"GS_DUP_CNV_20_29487539_29490299","chr20",29487539,29490299,"control",2760,0.13425,0.58317,0.00298
"GS_DUP_CNV_20_29483810_29491911","chr20",29483810,29491911,"control",8101,0.13425,0.60974,0
"GS_DUP_CNV_20_29459935_29463230","chr20",29459935,29463230,"control",3295,0.06352,0.55205,0
"GS_DUP_CNV_20_29455856_29460612","chr20",29455856,29460612,"control",4756,0.06318,0.47545,0
"GS_DUP_CNV_20_29447151_29451669","chr20",29447151,29451669,"control",4518,0.01492,0.4367,0
"GS_DUP_CNV_20_29444115_29446950","chr20",29444115,29446950,"control",2835,0.01182,0.41623,0
"GS_DUP_CNV_20_29435955_29440144","chr20",29435955,29440144,"control",4189,0.0044,0.35837,0
"GS_DUP_CNV_20_29434741_29444439","chr20",29434741,29444439,"control",9698,0.0044,0.3508,0
"GS_DUP_CNV_16_29423746_29431717","chr16",29423746,29431717,"control",7971,0.13863,0.50664,0.0179
"GS_DUP_CNV_20_29422817_29427415","chr20",29422817,29427415,"control",4598,0.00404,0.26937,0
"GS_DUP_CNV_20_29419615_29422216","chr20",29419615,29422216,"control",2601,0.00379,0.25985,0
"GS_DUP_CNV_15_28940113_28942990","chr15",28940113,28942990,"control",2877,0.04858,0.39879,0.00828
"GS_DUP_CNV_15_28939594_28942685","chr15",28939594,28942685,"control",3091,0.04858,0.40321,0.00828
"GS_DUP_CNV_15_28702749_28709500","chr15",28702749,28709500,"control",6751,0.07183,0.46232,0.0103
"GS_DUP_CNV_15_28559895_28564412","chr15",28559895,28564412,"control",4517,0.03669,0.5192,0.00471
"GS_DUP_CNV_15_28548312_28556133","chr15",28548312,28556133,"control",7821,0.0362,0.5429,0.00471
"GS_DUP_CNV_10_26913726_26915875","chr10",26913726,26915875,"control",2149,0.15192,0.45345,0
"GS_DUP_CNV_X_26809987_26816189","chrX",26809987,26816189,"control",6202,0.01342,0.66382,0
"GS_DUP_CNV_6_26678509_26686542","chr6",26678509,26686542,"control",8033,0.01778,0.50908,0.00918
"GS_DUP_CNV_16_26457170_27029947","chr16",26457170,27029947,"control",572777,0.0158,0.69863,0
"GS_DUP_CNV_20_26249966_26253647","chr20",26249966,26253647,"control",3681,0.77866,0.58046,0
"GS_DUP_CNV_20_26138653_26141765","chr20",26138653,26141765,"control",3112,0.01593,0.4674,0
"GS_DUP_CNV_20_25880136_25887590","chr20",25880136,25887590,"control",7454,0.08159,0.58622,0
"GS_DUP_CNV_20_25877278_25880385","chr20",25877278,25880385,"control",3107,0.08185,0.5852,0
"GS_DUP_CNV_8_25586584_25588929","chr8",25586584,25588929,"control",2345,0.0219,0.6789,0
"GS_DUP_CNV_8_25579060_25586383","chr8",25579060,25586383,"control",7323,0.03636,0.60105,0
"GS_DUP_CNV_17_25331435_25334025","chr17",25331435,25334025,"control",2590,0.07704,0.58054,0.01239
"GS_DUP_CNV_17_25317638_25319759","chr17",25317638,25319759,"control",2121,0.08298,0.52519,0.01239
"GS_DUP_CNV_11_25078470_25082313","chr11",25078470,25082313,"control",3843,0.03346,0.49095,0
"GS_DUP_CNV_13_24899772_24901951","chr13",24899772,24901951,"control",2179,0.0948,0.4643,0.01809
"GS_DUP_CNV_15_24656389_24671105","chr15",24656389,24671105,"control",14716,0.02266,0.6445,0.00353
"GS_DUP_CNV_15_24591040_24594647","chr15",24591040,24594647,"control",3607,0.01326,0.74446,0
"GS_DUP_CNV_19_24590185_24593711","chr19",24590185,24593711,"control",3526,1.69797,0.89913,0
"GS_DUP_CNV_15_24588915_24598440","chr15",24588915,24598440,"control",9525,0.01655,0.75338,0
"GS_DUP_CNV_15_24586006_24588482","chr15",24586006,24588482,"control",2476,0.01655,0.73867,0
"GS_DUP_CNV_19_24578585_24581428","chr19",24578585,24581428,"control",2843,1.20701,0.68213,0
"GS_DUP_CNV_15_24572955_24587141","chr15",24572955,24587141,"control",14186,0.01655,0.74263,0
"GS_DUP_CNV_15_24523759_24568570","chr15",24523759,24568570,"control",44811,0.01868,0.71585,0.00297
"GS_DUP_CNV_15_24519646_24521806","chr15",24519646,24521806,"control",2160,0.01868,0.72426,0.00297
"GS_DUP_CNV_15_24516352_24518534","chr15",24516352,24518534,"control",2182,0.01868,0.70074,0.00297
"GS_DUP_CNV_15_24509970_24520150","chr15",24509970,24520150,"control",10180,0.01868,0.70087,0.00297
"GS_DUP_CNV_22_23771635_23774339","chr22",23771635,23774339,"control",2704,0.06567,0.41303,0.00688
"GS_DUP_CNV_13_23096661_23104485","chr13",23096661,23104485,"control",7824,0.01733,0.59537,0
"GS_DUP_CNV_16_22700375_22707161","chr16",22700375,22707161,"control",6786,0.04071,0.6003,0
"GS_DUP_CNV_16_22686063_22696262","chr16",22686063,22696262,"control",10199,0.03434,0.60142,0
"GS_DUP_CNV_16_22656664_22665862","chr16",22656664,22665862,"control",9198,0.02235,0.64353,0
"GS_DUP_CNV_16_22641364_22656263","chr16",22641364,22656263,"control",14899,0.02449,0.65591,0
"GS_DUP_CNV_16_22631106_22639043","chr16",22631106,22639043,"control",7937,0.01841,0.66647,0.00215
"GS_DUP_CNV_16_22623605_22630905","chr16",22623605,22630905,"control",7300,0.01893,0.65299,0.00215
"GS_DUP_CNV_16_22583874_22587649","chr16",22583874,22587649,"cases",3775,0.12207,0.62222,0.0046
"GS_DUP_CNV_15_22561908_22590965","chr15",22561908,22590965,"control",29057,0.08601,0.39606,0.02073
"GS_DUP_CNV_15_22555269_22558693","chr15",22555269,22558693,"cases",3424,0.11868,0.44382,0.02073
"GS_DUP_CNV_16_22553187_22557356","chr16",22553187,22557356,"control",4169,0.12939,0.60038,0.0046
"GS_DUP_CNV_16_22551140_22563883","chr16",22551140,22563883,"cases",12743,0.12939,0.58174,0.0046
"GS_DUP_CNV_15_22550250_22557777","chr15",22550250,22557777,"control",7527,0.1284,0.46273,0.02073
"GS_DUP_CNV_15_22546046_22548517","chr15",22546046,22548517,"control",2471,0.1284,0.49592,0.02073
"GS_DUP_CNV_15_22543146_22545407","chr15",22543146,22545407,"control",2261,0.12879,0.44883,0.02073
"GS_DUP_CNV_15_22534114_22536413","chr15",22534114,22536413,"control",2299,0.12999,0.44776,0.02073
"GS_DUP_CNV_15_22534114_22545407","chr15",22534114,22545407,"control",11293,0.12999,0.44776,0.02073
"GS_DUP_CNV_15_22530295_22532313","chr15",22530295,22532313,"control",2018,0.12944,0.44222,0.02073
"GS_DUP_CNV_15_22514657_22529639","chr15",22514657,22529639,"control",14982,0.13238,0.47238,0.02073
"GS_DUP_CNV_15_22508883_22514256","chr15",22508883,22514256,"control",5373,0.15928,0.46143,0.02073
"GS_DUP_CNV_15_22500531_22506582","chr15",22500531,22506582,"control",6051,0.15878,0.48687,0.02073
"GS_DUP_CNV_15_22497488_22507432","chr15",22497488,22507432,"control",9944,0.15878,0.49021,0.02073
"GS_DUP_CNV_15_22495447_22497587","chr15",22495447,22497587,"control",2140,0.15735,0.50891,0
"GS_DUP_CNV_15_22491284_22499643","chr15",22491284,22499643,"control",8359,0.15735,0.51957,0
"GS_DUP_CNV_15_22487084_22490883","chr15",22487084,22490883,"control",3799,0.14599,0.5297,0
"GS_DUP_CNV_15_22473972_22486583","chr15",22473972,22486583,"control",12611,0.17385,0.50409,0
"GS_DUP_CNV_15_22462534_22467163","chr15",22462534,22467163,"control",4629,0.15221,0.53319,0
"GS_DUP_CNV_15_22444740_22475172","chr15",22444740,22475172,"control",30432,0.10033,0.55006,0
"GS_DUP_CNV_15_22426556_22438334","chr15",22426556,22438334,"control",11778,0.09857,0.58441,0
"GS_DUP_CNV_15_22426556_22449452","chr15",22426556,22449452,"control",22896,0.09857,0.58441,0
"GS_DUP_CNV_15_22420494_22423029","chr15",22420494,22423029,"control",2535,0.10234,0.60767,0
"GS_DUP_CNV_15_22383652_22423379","chr15",22383652,22423379,"control",39727,0.02245,0.62909,0
"GS_DUP_CNV_15_22362275_22372381","chr15",22362275,22372381,"control",10106,0.03068,0.55883,0
"GS_DUP_CNV_15_22361789_22364963","chr15",22361789,22364963,"control",3174,0.03068,0.55332,0
"GS_DUP_CNV_15_22353176_22355360","chr15",22353176,22355360,"control",2184,0.02978,0.57568,0
"GS_DUP_CNV_15_22346837_22358931","chr15",22346837,22358931,"control",12094,0.02827,0.55204,0
"GS_DUP_CNV_15_22297847_22332669","chr15",22297847,22332669,"control",34822,0.01825,0.4124,0
"GS_DUP_CNV_17_22016880_22026900","chr17",22016880,22026900,"control",10020,0.0169,0.42791,0.0071
"GS_DUP_CNV_17_21996845_22157405","chr17",21996845,22157405,"control",160560,0.01556,0.47306,0.01342
"GS_DUP_CNV_15_21925576_21941351","chr15",21925576,21941351,"control",15775,0.01276,0.37862,0.00888
"GS_DUP_CNV_15_21919165_21925675","chr15",21919165,21925675,"control",6510,0.01276,0.36239,0.00888
"GS_DUP_CNV_15_21913974_21917468","chr15",21913974,21917468,"control",3494,0.01232,0.34891,0
"GS_DUP_CNV_15_21908536_21923692","chr15",21908536,21923692,"control",15156,0.01123,0.31956,0
"GS_DUP_CNV_15_21900975_21910335","chr15",21900975,21910335,"control",9360,0.01062,0.2695,0
"GS_DUP_CNV_5_21567922_21569921","chr5",21567922,21569921,"control",1999,0.01965,0.48337,0
"GS_DUP_CNV_17_21543530_21545994","chr17",21543530,21545994,"control",2464,0.0385,0.32644,0.00224
"GS_DUP_CNV_5_21540010_21548370","chr5",21540010,21548370,"control",8360,0.01904,0.50547,0
"GS_DUP_CNV_13_21538186_21540905","chr13",21538186,21540905,"control",2719,0.07308,0.5862,0.02198
"GS_DUP_CNV_17_21535849_21540848","chr17",21535849,21540848,"control",4999,0.0385,0.37806,0.00224
"GS_DUP_CNV_5_21522988_21526655","chr5",21522988,21526655,"control",3667,0.03491,0.49283,0
"GS_DUP_CNV_17_21522290_21524661","chr17",21522290,21524661,"control",2371,0.04054,0.43137,0.00224
"GS_DUP_CNV_17_21508156_21512250","chr17",21508156,21512250,"control",4094,0.04049,0.51872,0.00224
"GS_DUP_CNV_17_21507214_21510313","chr17",21507214,21510313,"control",3099,0.03813,0.52309,0.00224
"GS_DUP_CNV_17_21424935_21442610","chr17",21424935,21442610,"control",17675,0.01876,0.61429,0.01615
"GS_DUP_CNV_17_21353425_21402726","chr17",21353425,21402726,"control",49301,0.03069,0.44045,0.02333
"GS_DUP_CNV_17_21347389_21351724","chr17",21347389,21351724,"control",4335,0.03152,0.43985,0.02333
"GS_DUP_CNV_17_21346028_21350177","chr17",21346028,21350177,"control",4149,0.03127,0.41576,0.02333
"GS_DUP_CNV_17_21345628_21348134","chr17",21345628,21348134,"control",2506,0.03127,0.41576,0.02333
"GS_DUP_CNV_17_21345478_21351674","chr17",21345478,21351674,"control",6196,0.03154,0.41576,0.02333
"GS_DUP_CNV_17_21334535_21339177","chr17",21334535,21339177,"control",4642,0.03042,0.35903,0.02333
"GS_DUP_CNV_17_21331856_21335034","chr17",21331856,21335034,"control",3178,0.03028,0.33853,0.02333
"GS_DUP_CNV_17_21327213_21329225","chr17",21327213,21329225,"control",2012,0.03063,0.33256,0.04401
"GS_DUP_CNV_17_21325663_21330026","chr17",21325663,21330026,"control",4363,0.03063,0.32956,0.04401
"GS_DUP_CNV_17_21321856_21325112","chr17",21321856,21325112,"control",3256,0.0316,0.30053,0.04401
"GS_DUP_CNV_17_21321056_21323212","chr17",21321056,21323212,"control",2156,0.0316,0.30129,0.04401
"GS_DUP_CNV_17_21317656_21319855","chr17",21317656,21319855,"control",2199,0.03111,0.30294,0.04401
"GS_DUP_CNV_17_21313133_21315655","chr17",21313133,21315655,"control",2522,0.04997,0.31938,0.03923
"GS_DUP_CNV_17_21303159_21331293","chr17",21303159,21331293,"control",28134,0.0549,0.33956,0.03459
"GS_DUP_CNV_17_21240048_21254414","chr17",21240048,21254414,"control",14366,0.05158,0.39593,0.02489
"GS_DUP_CNV_17_21231668_21234338","chr17",21231668,21234338,"control",2670,0.05153,0.40927,0.0338
"GS_DUP_CNV_17_21225018_21230667","chr17",21225018,21230667,"control",5649,0.05232,0.42715,0.02183
"GS_DUP_CNV_17_21224768_21227267","chr17",21224768,21227267,"control",2499,0.05232,0.4283,0.02183
"GS_DUP_CNV_17_21222781_21226967","chr17",21222781,21226967,"control",4186,0.05297,0.43972,0.02183
"GS_DUP_CNV_17_21209682_21212211","chr17",21209682,21212211,"control",2529,0.02767,0.48436,0.02183
"GS_DUP_CNV_17_21205482_21209831","chr17",21205482,21209831,"control",4349,0.02738,0.49231,0.02183
"GS_DUP_CNV_17_21203853_21208581","chr17",21203853,21208581,"control",4728,0.02738,0.49478,0.02183
"GS_DUP_CNV_17_21201653_21204952","chr17",21201653,21204952,"control",3299,0.0233,0.49399,0.02183
"GS_DUP_CNV_17_21169729_21213400","chr17",21169729,21213400,"control",43671,0.05459,0.47401,0.01762
"GS_DUP_CNV_22_21032685_21038896","chr22",21032685,21038896,"control",6211,0.02147,0.47566,0.04298
"GS_DUP_CNV_15_20873731_20878445","chr15",20873731,20878445,"control",4714,0.01273,0.32632,0
"GS_DUP_CNV_15_20869063_20873062","chr15",20869063,20873062,"control",3999,0.01273,0.3433,0
"GS_DUP_CNV_15_20865948_20873167","chr15",20865948,20873167,"control",7219,0.01399,0.35485,0
"GS_DUP_CNV_15_20862109_20864110","chr15",20862109,20864110,"control",2001,0.0152,0.36765,0
"GS_DUP_CNV_15_20861003_20868895","chr15",20861003,20868895,"control",7892,0.0152,0.39002,0
"GS_DUP_CNV_15_20854241_20856298","chr15",20854241,20856298,"control",2057,0.01551,0.45272,0
"GS_DUP_CNV_15_20851181_20868845","chr15",20851181,20868845,"control",17664,0.01551,0.45429,0
"GS_DUP_CNV_5_20832555_20834775","chr5",20832555,20834775,"control",2220,0.01341,0.63178,0
"GS_DUP_CNV_19_20828820_20950053","chr19",20828820,20950053,"control",121233,0.04369,0.65729,0
"GS_DUP_CNV_5_20803832_20806035","chr5",20803832,20806035,"control",2203,0.01086,0.53802,0
"GS_DUP_CNV_5_20802836_20805614","chr5",20802836,20805614,"control",2778,0.01086,0.53306,0
"GS_DUP_CNV_15_20621221_20623678","chr15",20621221,20623678,"control",2457,0.0263,0.52521,0
"GS_DUP_CNV_15_20619828_20627322","chr15",20619828,20627322,"control",7494,0.0263,0.52043,0
"GS_DUP_CNV_15_20600726_20615087","chr15",20600726,20615087,"control",14361,0.02539,0.52454,0.00227
"GS_DUP_CNV_15_20594764_20602262","chr15",20594764,20602262,"control",7498,0.13276,0.55463,0.00227
"GS_DUP_CNV_15_20589941_20594063","chr15",20589941,20594063,"control",4122,0.15646,0.57755,0.00227
"GS_DUP_CNV_15_20576125_20578459","chr15",20576125,20578459,"control",2334,0.15771,0.53535,0.00227
"GS_DUP_CNV_15_20563121_20567996","chr15",20563121,20567996,"control",4875,0.28536,0.56503,0.00227
"GS_DUP_CNV_15_20556160_20572213","chr15",20556160,20572213,"control",16053,0.29938,0.54683,0.00227
"GS_DUP_CNV_16_20496058_20501087","chr16",20496058,20501087,"control",5029,0.03838,0.6114,0
"GS_DUP_CNV_15_20436367_20439182","chr15",20436367,20439182,"control",2815,0.0686,0.56488,0
"GS_DUP_CNV_15_20436367_20442072","chr15",20436367,20442072,"control",5705,0.0686,0.56488,0
"GS_DUP_CNV_15_20434804_20437908","chr15",20434804,20437908,"control",3104,0.06922,0.57956,0
"GS_DUP_CNV_15_20425074_20434453","chr15",20425074,20434453,"control",9379,0.06087,0.61387,0
"GS_DUP_CNV_15_20423104_20427429","chr15",20423104,20427429,"control",4325,0.05754,0.61311,0.00489
"GS_DUP_CNV_15_20419720_20424923","chr15",20419720,20424923,"control",5203,0.0572,0.60463,0.00489
"GS_DUP_CNV_15_20406506_20419519","chr15",20406506,20419519,"control",13013,0.05765,0.59679,0.00489
"GS_DUP_CNV_15_20395955_20409102","chr15",20395955,20409102,"control",13147,0.08145,0.60604,0.00489
"GS_DUP_CNV_14_20385122_20397945","chr14",20385122,20397945,"control",12823,0.02418,0.52679,0
"GS_DUP_CNV_14_20379524_20382297","chr14",20379524,20382297,"control",2773,0.03924,0.50573,0
"GS_DUP_CNV_14_20363886_20374248","chr14",20363886,20374248,"control",10362,0.03734,0.53937,0
"GS_DUP_CNV_14_20359111_20368822","chr14",20359111,20368822,"control",9711,0.03874,0.51523,0
"GS_DUP_CNV_14_20354578_20366010","chr14",20354578,20366010,"control",11432,0.03871,0.51808,0
"GS_DUP_CNV_14_20334481_20346822","chr14",20334481,20346822,"control",12341,0.02968,0.5525,0
"GS_DUP_CNV_14_20323283_20330081","chr14",20323283,20330081,"control",6798,0.03183,0.6356,0
"GS_DUP_CNV_14_20301491_20313785","chr14",20301491,20313785,"control",12294,0.03279,0.57488,0
"GS_DUP_CNV_14_20293893_20296241","chr14",20293893,20296241,"control",2348,0.03294,0.56835,0
"GS_DUP_CNV_4_20253662_20255861","chr4",20253662,20255861,"control",2199,0.01251,0.3662,0.03592
"GS_DUP_CNV_14_20241605_20256431","chr14",20241605,20256431,"control",14826,0.02579,0.59351,0
"GS_DUP_CNV_14_20235945_20238783","chr14",20235945,20238783,"control",2838,0.02686,0.5592,0
"GS_DUP_CNV_14_20204178_20215544","chr14",20204178,20215544,"control",11366,0.02602,0.48906,0.00275
"GS_DUP_CNV_15_20074600_20076615","chr15",20074600,20076615,"control",2015,0.37473,0.60913,0.00561
"GS_DUP_CNV_15_20074400_20079528","chr15",20074400,20079528,"control",5128,0.37473,0.60913,0.00561
"GS_DUP_CNV_15_20061733_20064815","chr15",20061733,20064815,"control",3082,0.68354,0.60389,0.00561
"GS_DUP_CNV_14_19812563_19819795","chr14",19812563,19819795,"control",7232,0.05471,0.4298,0.00301
"GS_DUP_CNV_14_19810982_19817521","chr14",19810982,19817521,"control",6539,0.05578,0.43467,0.00301
"GS_DUP_CNV_14_19792323_19796345","chr14",19792323,19796345,"control",4022,0.09565,0.44219,0
"GS_DUP_CNV_13_19644710_19649686","chr13",19644710,19649686,"control",4976,0.03102,0.50833,0
"GS_DUP_CNV_13_19643910_19646009","chr13",19643910,19646009,"control",2099,0.03013,0.48177,0
"GS_DUP_CNV_14_19121028_19124823","chr14",19121028,19124823,"control",3795,0.02371,0.60787,0
"GS_DUP_CNV_14_19116122_19121345","chr14",19116122,19121345,"control",5223,0.02371,0.61477,0
"GS_DUP_CNV_14_19093843_19098462","chr14",19093843,19098462,"control",4619,0.19902,0.62503,0
"GS_DUP_CNV_14_19089848_19093294","chr14",19089848,19093294,"control",3446,0.1982,0.60031,0
"GS_DUP_CNV_14_19084637_19094221","chr14",19084637,19094221,"control",9584,0.19749,0.55835,0
"GS_DUP_CNV_14_19078665_19081666","chr14",19078665,19081666,"control",3001,0.19676,0.48207,0
"GS_DUP_CNV_14_19075863_19077973","chr14",19075863,19077973,"control",2110,0.19676,0.46295,0
"GS_DUP_CNV_14_19070216_19073352","chr14",19070216,19073352,"control",3136,0.19388,0.43762,0
"GS_DUP_CNV_22_19012356_21466123","chr22",19012356,21466123,"control",2453767,0.0202,0.41982,0.01307
"GS_DUP_CNV_16_18611122_18629809","chr16",18611122,18629809,"control",18687,0.12424,0.64825,0.00909
"GS_DUP_CNV_16_18606663_18613653","chr16",18606663,18613653,"control",6990,0.12042,0.63386,0.00909
"GS_DUP_CNV_16_18591423_18596225","chr16",18591423,18596225,"control",4802,0.11865,0.58579,0.00909
"GS_DUP_CNV_16_18573855_18577154","chr16",18573855,18577154,"control",3299,0.10509,0.4847,0.00909
"GS_DUP_CNV_16_18570538_18605335","chr16",18570538,18605335,"control",34797,0.10851,0.50173,0.00909
"GS_DUP_CNV_17_18513264_18517757","chr17",18513264,18517757,"control",4493,0.02033,0.47645,0.01188
"GS_DUP_CNV_1_17234249_17237617","chr1",17234249,17237617,"control",3368,0.02376,0.49871,0.04587
"GS_DUP_CNV_1_17231549_17233748","chr1",17231549,17233748,"control",2199,0.02433,0.49383,0.04349
"GS_DUP_CNV_1_17228807_17233748","chr1",17228807,17233748,"cases",4941,0.02433,0.48707,0.04349
"GS_DUP_CNV_1_17043858_17051729","chr1",17043858,17051729,"control",7871,0.02277,0.33228,0.0844
"GS_DUP_CNV_1_17038464_17043457","chr1",17038464,17043457,"control",4993,0.02413,0.33969,0.08679
"GS_DUP_CNV_1_17038464_17047322","chr1",17038464,17047322,"control",8858,0.02413,0.33969,0.08679
"GS_DUP_CNV_1_17036629_17039573","chr1",17036629,17039573,"control",2944,0.02515,0.35017,0.07116
"GS_DUP_CNV_1_17032367_17042073","chr1",17032367,17042073,"control",9706,0.0255,0.3574,0.07392
"GS_DUP_CNV_1_17026195_17028478","chr1",17026195,17028478,"control",2283,0.0255,0.3604,0.07392
"GS_DUP_CNV_1_17026195_17034877","chr1",17026195,17034877,"control",8682,0.0255,0.3604,0.07392
"GS_DUP_CNV_1_17017475_17025717","chr1",17017475,17025717,"control",8242,0.02488,0.33417,0.09313
"GS_DUP_CNV_1_17016325_17022507","chr1",17016325,17022507,"control",6182,0.0308,0.34366,0.09074
"GS_DUP_CNV_1_17013032_17016624","chr1",17013032,17016624,"control",3592,0.03672,0.33281,0.09074
"GS_DUP_CNV_4_16976322_16986702","chr4",16976322,16986702,"control",10380,0.02263,0.63169,0
"GS_DUP_CNV_1_16967586_16972275","chr1",16967586,16972275,"control",4689,0.04463,0.39839,0.04119
"GS_DUP_CNV_1_16962157_16967085","chr1",16962157,16967085,"control",4928,0.03238,0.38998,0.04119
"GS_DUP_CNV_22_16956564_16958933","chr22",16956564,16958933,"control",2369,0.01363,0.70663,0.0106
"GS_DUP_CNV_1_16951966_16955835","chr1",16951966,16955835,"cases",3869,0.03182,0.37987,0.0371
"GS_DUP_CNV_1_16951816_16959200","chr1",16951816,16959200,"cases",7384,0.03182,0.37987,0.0371
"GS_DUP_CNV_1_16938616_16941534","chr1",16938616,16941534,"cases",2918,0.03326,0.35263,0.03471
"GS_DUP_CNV_1_16931997_16937340","chr1",16931997,16937340,"cases",5343,0.03702,0.37628,0.03195
"GS_DUP_CNV_22_16883167_16885229","chr22",16883167,16885229,"control",2062,0.7371,0.50931,0.00811
"GS_DUP_CNV_1_16871272_16877454","chr1",16871272,16877454,"control",6182,0.01762,0.414,0.0393
"GS_DUP_CNV_17_16771362_16775967","chr17",16771362,16775967,"control",4605,0.02071,0.40657,0
"GS_DUP_CNV_17_16697394_16708685","chr17",16697394,16708685,"control",11291,0.01626,0.4847,0
"GS_DUP_CNV_17_16697087_16704603","chr17",16697087,16704603,"control",7516,0.01626,0.4847,0
"GS_DUP_CNV_16_16693357_16695426","chr16",16693357,16695426,"control",2069,0.0657,0.70319,0
"GS_DUP_CNV_17_16656347_16700157","chr17",16656347,16700157,"cases",43810,0.01073,0.56339,0
"GS_DUP_CNV_17_16656347_16662979","chr17",16656347,16662979,"cases",6632,0.01073,0.56339,0
"GS_DUP_CNV_3_16406594_16408969","chr3",16406594,16408969,"control",2375,0.04161,0.38657,0
"GS_DUP_CNV_1_16370400_16381043","chr1",16370400,16381043,"control",10643,0.0166,0.36463,0.00424
"GS_DUP_CNV_1_16364606_16370349","chr1",16364606,16370349,"control",5743,0.01389,0.35296,0.00424
"GS_DUP_CNV_1_16347954_16354572","chr1",16347954,16354572,"control",6618,0.00997,0.40532,0.0077
"GS_DUP_CNV_22_16052617_16055219","chr22",16052617,16055219,"control",2602,0.04855,0.22013,0
"GS_DUP_CNV_22_16050687_16057580","chr22",16050687,16057580,"control",6893,0.04855,0.21889,0
"GS_DUP_CNV_19_15805283_15831761","chr19",15805283,15831761,"control",26478,0.07343,0.57521,0.00531
"GS_DUP_CNV_19_15780412_15792797","chr19",15780412,15792797,"control",12385,0.08343,0.58286,0
"GS_DUP_CNV_17_15656300_15658760","chr17",15656300,15658760,"control",2460,0.01867,0.44749,0.02237
"GS_DUP_CNV_17_15656300_15670091","chr17",15656300,15670091,"control",13791,0.01867,0.44749,0.02237
"GS_DUP_CNV_17_15652884_15656786","chr17",15652884,15656786,"control",3902,0.01841,0.44742,0.02237
"GS_DUP_CNV_17_15640930_15648675","chr17",15640930,15648675,"control",7745,0.02375,0.48151,0.02774
"GS_DUP_CNV_17_15635950_15691236","chr17",15635950,15691236,"control",55286,0.02359,0.51147,0.01988
"GS_DUP_CNV_17_15634998_15639852","chr17",15634998,15639852,"control",4854,0.02359,0.50537,0.01988
"GS_DUP_CNV_17_15631849_15639216","chr17",15631849,15639216,"control",7367,0.02446,0.49114,0.01988
"GS_DUP_CNV_21_15436372_15439864","chr21",15436372,15439864,"control",3492,0.06834,0.56183,0.02192
"GS_DUP_CNV_16_15270214_15276559","chr16",15270214,15276559,"control",6345,0.06047,0.45558,0.04093
"GS_DUP_CNV_16_15242269_15245963","chr16",15242269,15245963,"control",3694,0.06509,0.46425,0.04093
"GS_DUP_CNV_16_15234859_15237203","chr16",15234859,15237203,"control",2344,0.06541,0.47869,0.04487
"GS_DUP_CNV_16_15229511_15245287","chr16",15229511,15245287,"control",15776,0.06407,0.47862,0.04487
"GS_DUP_CNV_16_15124740_15158922","chr16",15124740,15158922,"control",34182,0.03554,0.43559,0.01582
"GS_DUP_CNV_16_15113874_15123481","chr16",15113874,15123481,"control",9607,0.0528,0.43707,0.02527
"GS_DUP_CNV_16_15108267_15111690","chr16",15108267,15111690,"cases",3423,0.05281,0.46456,0.02527
"GS_DUP_CNV_16_15099310_15105342","chr16",15099310,15105342,"control",6032,0.05336,0.51278,0.01624
"GS_DUP_CNV_16_15097308_15100711","chr16",15097308,15100711,"cases",3403,0.05336,0.51902,0.01624
"GS_DUP_CNV_16_15094903_15098809","chr16",15094903,15098809,"control",3906,0.0586,0.51396,0.01624
"GS_DUP_CNV_16_15081767_15091171","chr16",15081767,15091171,"control",9404,0.04609,0.52435,0.01624
"GS_DUP_CNV_16_15079217_15086324","chr16",15079217,15086324,"cases",7107,0.04581,0.53669,0.01624
"GS_DUP_CNV_16_15075782_15078220","chr16",15075782,15078220,"cases",2438,0.04611,0.54768,0.02261
"GS_DUP_CNV_16_15071844_15077124","chr16",15071844,15077124,"control",5280,0.05043,0.54584,0.02261
"GS_DUP_CNV_16_15065700_15074888","chr16",15065700,15074888,"cases",9188,0.07888,0.52269,0.0348
"GS_DUP_CNV_16_15063582_15066271","chr16",15063582,15066271,"cases",2689,0.07864,0.50609,0.03733
"GS_DUP_CNV_16_15059118_15064193","chr16",15059118,15064193,"control",5075,0.07931,0.49908,0.04301
"GS_DUP_CNV_16_15056618_15060556","chr16",15056618,15060556,"cases",3938,0.07345,0.49043,0.04301
"GS_DUP_CNV_16_15050565_15053717","chr16",15050565,15053717,"cases",3152,0.07559,0.48981,0.05595
"GS_DUP_CNV_16_15049441_15053717","chr16",15049441,15053717,"control",4276,0.07653,0.49471,0.05595
"GS_DUP_CNV_10_14984061_15010278","chr10",14984061,15010278,"control",26217,0.05711,0.59402,0.01319
"GS_DUP_CNV_21_14442202_14444653","chr21",14442202,14444653,"control",2451,0.08791,0.59816,0.01089
"GS_DUP_CNV_21_14434271_14437810","chr21",14434271,14437810,"control",3539,0.09836,0.60516,0.01089
"GS_DUP_CNV_21_14428984_14432449","chr21",14428984,14432449,"control",3465,0.088,0.59502,0.01089
"GS_DUP_CNV_21_14419886_14422896","chr21",14419886,14422896,"control",3010,0.03092,0.57867,0.01089
"GS_DUP_CNV_21_14419455_14424752","chr21",14419455,14424752,"control",5297,0.03092,0.57867,0.01089
"GS_DUP_CNV_21_14414328_14418052","chr21",14414328,14418052,"control",3724,0.03092,0.59568,0.01089
"GS_DUP_CNV_21_14401085_14403861","chr21",14401085,14403861,"control",2776,0.03208,0.65692,0.01089
"GS_DUP_CNV_21_14395797_14400834","chr21",14395797,14400834,"control",5037,0.03128,0.61164,0.01089
"GS_DUP_CNV_21_14391025_14395628","chr21",14391025,14395628,"control",4603,0.03128,0.58078,0.01089
"GS_DUP_CNV_21_14385134_14387600","chr21",14385134,14387600,"control",2466,0.94978,0.70251,0.01089
"GS_DUP_CNV_18_14250301_14262468","chr18",14250301,14262468,"control",12167,0.06458,0.61141,0
"GS_DUP_CNV_17_14089298_15488440","chr17",14089298,15488440,"control",1399142,0.00675,0.40288,0.00377
"GS_DUP_CNV_1_13179454_13181903","chr1",13179454,13181903,"control",2449,0.0317,0.47615,0
"GS_DUP_CNV_8_12440893_12446764","chr8",12440893,12446764,"control",5871,0.07107,0.65254,0.01262
"GS_DUP_CNV_8_12436799_12442346","chr8",12436799,12442346,"cases",5547,0.0711,0.67007,0.01262
"GS_DUP_CNV_8_12430057_12432688","chr8",12430057,12432688,"cases",2631,0.07298,0.67466,0.01262
"GS_DUP_CNV_8_12427752_12432788","chr8",12427752,12432788,"cases",5036,0.07267,0.69466,0.01262
"GS_DUP_CNV_8_12417142_12424116","chr8",12417142,12424116,"cases",6974,0.07339,0.65866,0.01262
"GS_DUP_CNV_8_12409143_12414198","chr8",12409143,12414198,"control",5055,0.07407,0.69734,0.00728
"GS_DUP_CNV_8_12402549_12411180","chr8",12402549,12411180,"control",8631,0.07551,0.70902,0
"GS_DUP_CNV_8_12401973_12405048","chr8",12401973,12405048,"cases",3075,0.07551,0.70242,0
"GS_DUP_CNV_8_12397285_12400355","chr8",12397285,12400355,"cases",3070,0.0716,0.71628,0
"GS_DUP_CNV_8_12395736_12405048","chr8",12395736,12405048,"control",9312,0.07135,0.71141,0
"GS_DUP_CNV_17_12297757_12313224","chr17",12297757,12313224,"control",15467,0.07549,0.52426,0
"GS_DUP_CNV_17_11875422_11886607","chr17",11875422,11886607,"control",11185,0.0397,0.53306,0.01462
"GS_DUP_CNV_17_11480080_11499190","chr17",11480080,11499190,"control",19110,0.01875,0.4603,0.01063
"GS_DUP_CNV_17_11440234_11485003","chr17",11440234,11485003,"control",44769,0.03065,0.41812,0.00366
"GS_DUP_CNV_17_11262691_11350660","chr17",11262691,11350660,"control",87969,0.01883,0.46696,0
"GS_DUP_CNV_12_11189594_11192448","chr12",11189594,11192448,"control",2854,0.00825,0.46416,0
"GS_DUP_CNV_17_11183214_11236473","chr17",11183214,11236473,"control",53259,0.02703,0.43339,0.01929
"GS_DUP_CNV_21_10991917_10999750","chr21",10991917,10999750,"control",7833,0.01664,0.47732,0.015
"GS_DUP_CNV_21_10990411_10993877","chr21",10990411,10993877,"control",3466,0.01636,0.4793,0.015
"GS_DUP_CNV_21_10969475_10989928","chr21",10969475,10989928,"control",20453,0.01743,0.56346,0.015
"GS_DUP_CNV_21_10969425_10973376","chr21",10969425,10973376,"control",3951,0.01743,0.56432,0.015
"GS_DUP_CNV_21_10954215_10973376","chr21",10954215,10973376,"control",19161,0.01738,0.5293,0.015
"GS_DUP_CNV_21_10954165_10962660","chr21",10954165,10962660,"control",8495,0.01738,0.5293,0.015
"GS_DUP_CNV_21_10944956_10951640","chr21",10944956,10951640,"control",6684,0.0221,0.52598,0.0177
"GS_DUP_CNV_21_10939914_10942200","chr21",10939914,10942200,"control",2286,0.01777,0.54164,0.0027
"GS_DUP_CNV_21_10939614_10944855","chr21",10939614,10944855,"control",5241,0.01777,0.53822,0.0027
"GS_DUP_CNV_21_10932890_10939813","chr21",10932890,10939813,"control",6923,0.02104,0.54878,0.00625
"GS_DUP_CNV_21_10928109_10936537","chr21",10928109,10936537,"control",8428,0.02104,0.52397,0.00625
"GS_DUP_CNV_21_10925291_10930533","chr21",10925291,10930533,"control",5242,0.0202,0.51742,0.00625
"GS_DUP_CNV_21_10917553_10927794","chr21",10917553,10927794,"control",10241,0.01807,0.60601,0.00625
"GS_DUP_CNV_21_10916067_10922358","chr21",10916067,10922358,"control",6291,0.0177,0.59163,0.00625
"GS_DUP_CNV_21_10912666_10915465","chr21",10912666,10915465,"control",2799,0.0177,0.56774,0.00625
"GS_DUP_CNV_21_10912432_10919194","chr21",10912432,10919194,"control",6762,0.0177,0.56774,0.00625
"GS_DUP_CNV_21_10902897_10912231","chr21",10902897,10912231,"control",9334,0.01773,0.58709,0.00625
"GS_DUP_CNV_21_10897730_10905605","chr21",10897730,10905605,"control",7875,0.01618,0.57818,0.00625
"GS_DUP_CNV_21_10887930_10892208","chr21",10887930,10892208,"control",4278,0.02021,0.61577,0.00625
"GS_DUP_CNV_21_10876386_10886007","chr21",10876386,10886007,"control",9621,0.0235,0.65274,0.00625
"GS_DUP_CNV_21_10871526_10874553","chr21",10871526,10874553,"control",3027,0.0235,0.65904,0.00625
"GS_DUP_CNV_21_10870398_10873153","chr21",10870398,10873153,"control",2755,0.0235,0.66708,0.00625
"GS_DUP_CNV_21_10868043_10873953","chr21",10868043,10873953,"control",5910,0.02295,0.68091,0.00625
"GS_DUP_CNV_21_10639317_10644129","chr21",10639317,10644129,"control",4812,0.08727,0.28566,0
"GS_DUP_CNV_21_10622465_10627585","chr21",10622465,10627585,"control",5120,0.09119,0.40581,0
"GS_DUP_CNV_21_10617404_10621492","chr21",10617404,10621492,"control",4088,0.09285,0.43129,0
"GS_DUP_CNV_21_10616270_10623210","chr21",10616270,10623210,"control",6940,0.09285,0.43795,0
"GS_DUP_CNV_21_10584946_10589506","chr21",10584946,10589506,"control",4560,0.10353,0.50218,0
"GS_DUP_CNV_21_10579800_10583276","chr21",10579800,10583276,"control",3476,0.1085,0.46906,0
"GS_DUP_CNV_21_10571414_10575044","chr21",10571414,10575044,"control",3630,0.10935,0.50396,0
"GS_DUP_CNV_21_10566089_10570714","chr21",10566089,10570714,"control",4625,0.09953,0.49386,0
"GS_DUP_CNV_21_10530100_10533720","chr21",10530100,10533720,"control",3620,0.02485,0.48068,0
"GS_DUP_CNV_21_10529599_10535558","chr21",10529599,10535558,"control",5959,0.02485,0.48092,0
"GS_DUP_CNV_21_10528401_10532312","chr21",10528401,10532312,"control",3911,0.02485,0.48716,0
"GS_DUP_CNV_21_10519189_10522210","chr21",10519189,10522210,"control",3021,0.02187,0.46396,0
"GS_DUP_CNV_21_10518857_10528550","chr21",10518857,10528550,"control",9693,0.02187,0.46821,0
"GS_DUP_CNV_21_10513771_10516225","chr21",10513771,10516225,"control",2454,0.0221,0.48221,0
"GS_DUP_CNV_21_10511956_10522260","chr21",10511956,10522260,"control",10304,0.02183,0.47128,0
"GS_DUP_CNV_21_10494887_10505175","chr21",10494887,10505175,"control",10288,0.01494,0.47953,0
"GS_DUP_CNV_21_10465246_10472571","chr21",10465246,10472571,"control",7325,0.00823,0.54667,0
"GS_DUP_CNV_21_10437846_10444967","chr21",10437846,10444967,"control",7121,0.00855,0.56045,0
"GS_DUP_CNV_21_10427642_10434906","chr21",10427642,10434906,"control",7264,0.00932,0.53013,0
"GS_DUP_CNV_10_10306915_10309934","chr10",10306915,10309934,"control",3019,0.05497,0.52243,0
"GS_DUP_CNV_4_9499479_9504762","chr4",9499479,9504762,"control",5283,0.09517,0.63521,0.02047
"GS_DUP_CNV_21_9411389_9418105","chr21",9411389,9418105,"control",6716,0.08574,0.23874,0.02201
"GS_DUP_CNV_12_8957546_8964419","chr12",8957546,8964419,"control",6873,0.04498,0.64529,0
"GS_DUP_CNV_3_8823529_8835074","chr3",8823529,8835074,"control",11545,0.02338,0.5129,0.02319
"GS_DUP_CNV_X_8123539_8126177","chrX",8123539,8126177,"control",2638,0.03224,0.44048,0
"GS_DUP_CNV_X_8121272_8126177","chrX",8121272,8126177,"control",4905,0.0315,0.43454,0
"GS_DUP_CNV_X_7942872_7963915","chrX",7942872,7963915,"control",21043,0.02355,0.40215,0.00531
"GS_DUP_CNV_X_7876609_7895542","chrX",7876609,7895542,"control",18933,0.03259,0.33996,0.00531
"GS_DUP_CNV_X_7782287_7805834","chrX",7782287,7805834,"control",23547,0.05498,0.40871,0
"GS_DUP_CNV_X_7569683_7622649","chrX",7569683,7622649,"control",52966,0.1034,0.44544,0
"GS_DUP_CNV_X_7530429_7537808","chrX",7530429,7537808,"control",7379,0.09142,0.45367,0
"GS_DUP_CNV_X_7527089_7532728","chrX",7527089,7532728,"control",5639,0.09357,0.45722,0
"GS_DUP_CNV_6_7426502_7444038","chr6",7426502,7444038,"control",17536,0.05349,0.58373,0.00683
"GS_DUP_CNV_X_7300633_7329822","chrX",7300633,7329822,"control",29189,0.04036,0.3907,0
"GS_DUP_CNV_4_7165958_7168357","chr4",7165958,7168357,"control",2399,0.14362,0.4666,0.0093
"GS_DUP_CNV_X_6909476_7234885","chrX",6909476,7234885,"control",325409,0.03825,0.5348,0
"GS_DUP_CNV_11_6899014_6905159","chr11",6899014,6905159,"control",6145,0.00966,0.56232,0.00692
"GS_DUP_CNV_X_6888395_6902068","chrX",6888395,6902068,"cases",13673,0.02299,0.58011,0
"GS_DUP_CNV_8_6877665_6879829","chr8",6877665,6879829,"control",2164,0.03207,0.31209,0
"GS_DUP_CNV_X_6831975_6877297","chrX",6831975,6877297,"control",45322,0.03618,0.53686,0
"GS_DUP_CNV_X_6770081_6785407","chrX",6770081,6785407,"control",15326,0.05145,0.46549,0
"GS_DUP_CNV_17_6730639_6752952","chr17",6730639,6752952,"control",22313,0.01538,0.64794,0
"GS_DUP_CNV_X_6668841_6750264","chrX",6668841,6750264,"control",81423,0.05367,0.46707,0
"GS_DUP_CNV_X_6616301_6652674","chrX",6616301,6652674,"control",36373,0.07062,0.5157,0
"GS_DUP_CNV_X_6601874_6615350","chrX",6601874,6615350,"control",13476,0.07045,0.53717,0
"GS_DUP_CNV_X_6453051_6473158","chrX",6453051,6473158,"control",20107,0.08858,0.47012,0
"GS_DUP_CNV_17_5991656_6001592","chr17",5991656,6001592,"control",9936,0.0189,0.39966,0.01565
"GS_DUP_CNV_X_5356214_5373442","chrX",5356214,5373442,"control",17228,0.03721,0.52261,0
"GS_DUP_CNV_X_5179143_5185989","chrX",5179143,5185989,"control",6846,0.10257,0.49238,0
"GS_DUP_CNV_10_4289330_4292957","chr10",4289330,4292957,"control",3627,0.02724,0.32601,0
"GS_DUP_CNV_4_4018099_4023706","chr4",4018099,4023706,"control",5607,0.02574,0.7539,0
"GS_DUP_CNV_4_4014638_4022192","chr4",4014638,4022192,"control",7554,0.02789,0.75877,0
"GS_DUP_CNV_4_3632804_3636476","chr4",3632804,3636476,"control",3672,0.35156,0.39987,0.0089
"GS_DUP_CNV_4_3630954_3634603","chr4",3630954,3634603,"control",3649,0.36019,0.39959,0.0089
"GS_DUP_CNV_4_3627557_3632503","chr4",3627557,3632503,"control",4946,0.34034,0.40089,0.0089
"GS_DUP_CNV_4_3625188_3628456","chr4",3625188,3628456,"control",3268,0.34063,0.40723,0.0089
"GS_DUP_CNV_4_3619588_3625087","chr4",3619588,3625087,"control",5499,0.34316,0.41876,0.00515
"GS_DUP_CNV_4_3608827_3613376","chr4",3608827,3613376,"control",4549,0.43222,0.43276,0.02389
"GS_DUP_CNV_4_3597285_3610976","chr4",3597285,3610976,"control",13691,0.41462,0.47273,0.02389
"GS_DUP_CNV_4_3587219_3590518","chr4",3587219,3590518,"control",3299,0.45572,0.4932,0.01874
"GS_DUP_CNV_4_3575638_3581464","chr4",3575638,3581464,"control",5826,0.42577,0.48176,0.03257
"GS_DUP_CNV_4_3573583_3597734","chr4",3573583,3597734,"control",24151,0.43382,0.47013,0.0347
"GS_DUP_CNV_5_3218944_3223517","chr5",3218944,3223517,"control",4573,0.02112,0.337,0.00276
"GS_DUP_CNV_5_2895539_2898488","chr5",2895539,2898488,"control",2949,0.13321,0.37278,0.00306
"GS_DUP_CNV_X_2714176_2718750","chrX",2714176,2718750,"control",4574,0.14997,0.54726,0.01682
"GS_DUP_CNV_X_2699332_2712780","chrX",2699332,2712780,"control",13448,0.09898,0.53069,0.01682
"GS_DUP_CNV_8_2557287_2560330","chr8",2557287,2560330,"control",3043,0.02783,0.43162,0
"GS_DUP_CNV_8_2449033_2529547","chr8",2449033,2529547,"control",80514,0.0273,0.44996,0.0102
"GS_DUP_CNV_8_2418493_2420617","chr8",2418493,2420617,"control",2124,0.02346,0.35772,0.00525
"GS_DUP_CNV_8_2364556_2483379","chr8",2364556,2483379,"control",118823,0.11235,0.36531,0.00253
"GS_DUP_CNV_8_2279997_2287268","chr8",2279997,2287268,"control",7271,0.07341,0.56261,0.0033
"GS_DUP_CNV_8_2269711_2279182","chr8",2269711,2279182,"control",9471,0.07284,0.53785,0.0033
"GS_DUP_CNV_8_2266759_2273289","chr8",2266759,2273289,"control",6530,0.0732,0.52202,0.0033
"GS_DUP_CNV_8_2243360_2245709","chr8",2243360,2245709,"control",2349,0.06308,0.49728,0.0033
"GS_DUP_CNV_8_2239864_2244259","chr8",2239864,2244259,"control",4395,0.07354,0.48642,0.0033
"GS_DUP_CNV_8_2236713_2270493","chr8",2236713,2270493,"control",33780,0.07354,0.43226,0.0033
"GS_DUP_CNV_8_2224073_2230013","chr8",2224073,2230013,"control",5940,0.07982,0.41565,0.00583
"GS_DUP_CNV_8_2220259_2222972","chr8",2220259,2222972,"control",2713,0.10271,0.42558,0.00583
"GS_DUP_CNV_8_2216099_2219081","chr8",2216099,2219081,"control",2982,0.11808,0.38641,0.00583
"GS_DUP_CNV_8_2206913_2215317","chr8",2206913,2215317,"control",8404,0.12735,0.3753,0.00583
"GS_DUP_CNV_8_2205313_2210012","chr8",2205313,2210012,"control",4699,0.13099,0.38142,0.00583
"GS_DUP_CNV_8_2198763_2205062","chr8",2198763,2205062,"control",6299,0.13233,0.32947,0.00583
"GS_DUP_CNV_8_2195384_2200912","chr8",2195384,2200912,"control",5528,0.1374,0.31691,0.00583
"GS_DUP_CNV_X_1749253_1753256","chrX",1749253,1753256,"control",4003,0.34838,0.57209,0.05007
"GS_DUP_CNV_X_1742732_1745466","chrX",1742732,1745466,"control",2734,0.401,0.56105,0.05007
"GS_DUP_CNV_X_1729229_1737769","chrX",1729229,1737769,"control",8540,0.43564,0.5664,0.048
"GS_DUP_CNV_2_855907_858227","chr2",855907,858227,"control",2320,0.16018,0.3812,0.01161
"GS_DUP_CNV_1_736236_742745","chr1",736236,742745,"control",6509,0.11822,0.42857,0.01592
"GS_DUP_CNV_1_732279_734520","chr1",732279,734520,"control",2241,0.1191,0.45326,0.01592
"GS_DUP_CNV_1_712626_725897","chr1",712626,725897,"control",13271,0.11538,0.47424,0.00563
"GS_DUP_CNV_19_309342_311785","chr19",309342,311785,"control",2443,0.36013,0.52246,0.04678
"GS_DUP_CNV_6_305451_334260","chr6",305451,334260,"control",28809,0.06301,0.34832,0.00891
"GS_DUP_CNV_6_295565_310389","chr6",295565,310389,"control",14824,0.06247,0.39048,0.00891
"GS_DUP_CNV_6_295565_382563","chr6",295565,382563,"control",86998,0.06247,0.39048,0.00891
"GS_DUP_CNV_6_256587_279772","chr6",256587,279772,"control",23185,0.01752,0.48861,0.00891
"GS_DUP_CNV_7_214891_217058","chr7",214891,217058,"control",2167,0.19145,0.10765,0.07664
"GS_DUP_CNV_12_177531_186268","chr12",177531,186268,"control",8737,0.0315,0.41908,0.01945
"GS_DUP_CNV_12_170119_176005","chr12",170119,176005,"control",5886,0.03069,0.38187,0.01945
"GS_DUP_CNV_12_167588_169687","chr12",167588,169687,"control",2099,0.03069,0.37101,0.01945
"GS_DUP_CNV_12_165288_170328","chr12",165288,170328,"control",5040,0.03004,0.35915,0.01945
"GS_DUP_CNV_12_162688_168987","chr12",162688,168987,"control",6299,0.01024,0.35269,0.01481
"GS_DUP_CNV_9_114329_117863","chr9",114329,117863,"cases",3534,0.03444,0.4167,0.04316
"GS_DUP_CNV_9_113013_117656","chr9",113013,117656,"control",4643,0.03444,0.42162,0.04316
"GS_DUP_CNV_9_112106_115954","chr9",112106,115954,"control",3848,0.03444,0.42117,0.04316
"GS_DUP_CNV_3_109682_130238","chr3",109682,130238,"control",20556,0.01139,0.40887,0
"GS_DUP_CNV_3_85182_95465","chr3",85182,95465,"control",10283,0.0084,0.31562,0
"GS_DUP_CNV_12_82550_84706","chr12",82550,84706,"control",2156,0.0485,0.14512,0.01002
"GS_DUP_CNV_3_73396_80362","chr3",73396,80362,"control",6966,0.00747,0.27506,0
"GS_DUP_CNV_3_65441_68988","chr3",65441,68988,"control",3547,0.0065,0.2328,0
"GS_DUP_CNV_2_13226_24109","chr2",13226,24109,"control",10883,0.02383,0.23391,0.01049
"GS_DUP_CNV_17_1_21303226","chr17",1,21303226,"control",21303225,0.0919,0.22745,0.01874
