chr18,X4749573,X4770753,cohort,h3k27me3,h3k9me3,Weak_Txn,Weak_Enhancer,Txn_Elongation,Repressed,Txn_Transition,SINE/MIR,SINE/Alu,LINE/L2,LINE/L1,LTR/ERVL,DNA/TcMar,DNA/hAT
chr18,4739491,4749573,cases,0,0.00536,0,0.024,0,0,0,0.0242,0.03664,0.05381,0.2742,0.08056,0.05287,0.01386
chr18,5342931,5371662,cases,0.00618,0,0.002,0.016,0,0,0,0.02182,0.08936,0.06076,0.26902,0.06665,0.00947,0.01056
chr9,12338091,12347074,cases,0,0,0,0,0,0,0,0.01458,0.03781,0.01925,0.39596,0.06473,0.00134,0.01005
chr9,11878161,11894248,cases,0.00368,0,0,0,0,0,0,0.01584,0.03758,0.02257,0.36385,0.05318,0.01448,0.01111
chr22,16373487,16381570,cases,0,0.00193,0,0,0,0,0,0.02343,0.13363,0.01464,0.14906,0.00825,0.03107,0.00736
chr18,35754573,35772047,cases,0,0.00691,0,0,0,0,0,0.00655,0.05675,0.02035,0.37739,0.0598,0.00335,0.01025
chr9,18872219,18893530,cases,0,0.04404,0.066,0.09,0,0.008,0,0.01704,0.03833,0.03636,0.30756,0.05169,0.0327,0.0179
chr22,16678921,16686580,cases,0,0,0.024,0.022,0,0,0,0.00275,0.07286,0.01235,0.24868,0.02285,0,0.01059
chr9,18854825,18872219,cases,0,0.04404,0.066,0.08,0,0.008,0,0.01689,0.0557,0.03948,0.35831,0.04217,0.02796,0.01773
chr9,12177531,12186141,cases,0,0.03204,0,0,0,0,0,0.02592,0.02437,0.00591,0.1866,0.05241,0.00249,0.00219
chr9,12082772,12104298,cases,0,0.0311,0,0.002,0,0,0,0.01201,0.0447,0.01033,0.38287,0.09796,0,0.00502
chr9,12057038,12082772,cases,0,0.03904,0,0.002,0,0,0,0.00897,0.04022,0.0128,0.42434,0.09362,0,0.00411
chr9,3481927,3492815,cases,0,0,0.58,0.054,0.048,0,0.008,0.04233,0.06743,0.02357,0.12413,0.01181,0.03591,0.0225
chr9,8702547,8727597,cases,0,0,0,0,0,0,0,0.02612,0.11003,0.04168,0.04839,0.02603,0.00883,0.02876
chr9,14015605,14023607,cases,0,0.00567,0,0,0,0,0,0.05811,0.06281,0.05067,0.11038,0.06888,0.03678,0.01799
chr9,14188901,14200803,cases,0,0,0,0.014,0,0.052,0,0.02845,0.06857,0.03558,0.0463,0.00836,0.01017,0.01084
chr9,3718339,3734623,cases,0,0,0,0.034,0,0.078,0,0.03245,0.08433,0.05383,0.18821,0.06833,0.00352,0.04018
chr9,2674273,2693159,cases,0,0,0.1,0.032,0,0.006,0,0.04101,0.08348,0.02748,0.09748,0.05593,0.00568,0.01245
chr9,15674745,15698283,cases,0,0.01125,0,0.012,0,0,0,0.00766,0.10586,0.02655,0.37331,0.05234,0.02217,0.00632
chr1,243897544,243903711,cases,0,0,0.072,0.076,0,0,0,0.02847,0.07492,0.05641,0.08669,0.02575,0.02208,0.03205
chr1,243903711,243928664,cases,0,0,0.072,0.076,0,0,0,0.02619,0.07646,0.06258,0.08468,0.02723,0.02889,0.03927
chr1,243868416,243897544,cases,0,0,0.072,0.086,0,0,0,0.03866,0.06767,0.07469,0.09301,0.01607,0.02639,0.02533
chr8,145561540,145583227,cases,0.11588,0,0.404,0.068,0.094,0.092,0.014,0,0.21473,0.018,0.04714,0.0233,0,0.00349
chr9,33805272,33819359,cases,0,0,0.25,0.108,0.006,0.064,0.022,0.01704,0.2735,0.01585,0.21058,0.04486,0.01748,0.03271
chr9,28521420,28538087,cases,0,0.01422,0,0,0,0,0,0.03222,0.04285,0.02087,0.25726,0.06075,0.02939,0.01271
chr8,145544598,145561540,cases,0.09923,0,0.316,0.07,0.162,0.092,0.014,0,0.20233,0.01465,0.04714,0.01757,0,0.00349
chr1,244899229,244907583,cases,0,0,0.128,0.022,0,0.39,0,0.02233,0.2992,0.04355,0.12283,0.07022,0,0.01864
chr9,30650236,30658982,cases,0,0.00686,0,0,0,0,0,0.0153,0.03576,0.03,0.1993,0.08209,0.00541,0.02975
chr1,245149365,245160784,cases,0,0,0.222,0.07,0,0,0,0.02892,0.27081,0.03778,0.13198,0.05121,0.02618,0.01753
chr9,28994050,29009435,cases,0,0.01164,0,0,0,0,0,0.04271,0.03262,0.0361,0.23294,0.0304,0.01775,0.02971
chr1,244935422,244957141,cases,0,0,0.116,0.044,0,0.244,0,0.01999,0.35621,0.03433,0.11295,0.0333,0.00666,0.01693
chr7,478845,488424,cases,0.00338,0.05657,0,0,0,0,0,0.0254,0.05941,0.01527,0.10671,0.03811,0,0.01946
chr1,243153373,243165860,cases,0,0,0,0,0,0.084,0,0.03157,0.15659,0.03987,0.16082,0.06233,0.00224,0.01306
chr8,3562008,3580612,cases,0,0,0,0,0,0,0,0.03115,0.06428,0.03051,0.10279,0.03491,0.01332,0.01978
chr1,244907583,244935422,cases,0,0,0.128,0.022,0,0.39,0,0.01762,0.31713,0.04355,0.135,0.07028,0.00289,0.01935
chr1,244884500,244899229,cases,0,0,0.278,0.022,0,0.212,0,0.01695,0.27795,0.01583,0.16444,0.0633,0,0.02525
chr1,242294868,242312774,cases,0,0.02906,0.052,0.042,0,0.008,0,0.03187,0.09765,0.01126,0.28036,0.04488,0.00623,0.01681
chr15,99424803,99444942,cases,0,0.00433,0,0.084,0,0.016,0,0.02759,0.0813,0.02002,0.06105,0.01571,0.01362,0.00557
chr6,1615524,1636836,cases,0.2471,0.00203,0.084,0.05,0,0.15,0,0.01551,0.05512,0.01641,0.11,0.00369,0.00743,0.00523
chr13,18713482,18735971,cases,0,0,0,0,0,0,0,0,0,0,0,0,0,0
chr13,18735971,18760462,cases,0,0,0,0,0,0,0,0,0,0,0,0,0,0
chr1,3323541,3329472,cases,0.06953,0.01267,0,0,0,0.064,0,0.01456,0.03564,0.01056,0.05664,0.0046,0,0.00862
chr17,1440380,1448997,cases,0.00396,0,0.38,0.062,0.294,0,0.066,0.03069,0.28498,0.0262,0.02804,0,0,0.00752
chr22,46052394,46064402,cases,0.00434,0,0.028,0.026,0.054,0.142,0.04,0.04309,0.2179,0.06005,0.14814,0.06012,0.00297,0.01526
chr4,186283088,186295770,cases,0,0.04013,0.136,0.056,0.45,0,0.096,0.02111,0.16273,0.01214,0.12748,0.02483,0.02079,0.01153
chr22,45659576,45675116,cases,0.02749,0.00192,0.408,0.234,0.002,0.01,0.002,0.05787,0.27312,0.04596,0.0632,0.05261,0.00538,0.01866
chr8,8673767,8691101,cases,0,0,0.166,0.124,0.004,0.022,0,0.01832,0.18352,0.01752,0.11662,0.03675,0.04658,0.02987
chr8,3654797,3679207,cases,0.03739,0.00418,0,0,0,0,0,0.02238,0.07394,0.03158,0.05396,0.03063,0.02441,0.01404
chr8,30548901,30574821,cases,0.00163,0.00728,0.224,0.042,0.334,0.002,0.01,0.01359,0.38493,0.01573,0.07294,0.05514,0.00638,0.01584
chr4,186240945,186269536,cases,0,0.02444,0.016,0.012,0.432,0,0.132,0.02729,0.15405,0.03366,0.10622,0.05193,0.01101,0.02454
chr6,1675145,1681994,cases,0.03358,0,0.076,0.046,0,0.044,0,0.02798,0.06846,0.02298,0.10031,0.01048,0.00795,0.00687
chr7,3839038,3846374,cases,0,0,0,0,0,0,0,0.02196,0.08089,0.01149,0.20019,0.0511,0.00323,0.05718
chr7,3827420,3835630,cases,0,0.01402,0,0,0,0,0,0.02286,0.07662,0.01384,0.23446,0.04141,0.01367,0.0311
chr4,186231286,186240945,cases,0,0.02444,0.016,0.012,0.52,0,0.142,0.02817,0.14478,0.03366,0.10622,0.05193,0.02242,0.0301
chr5,10827228,10839632,cases,0,0.01189,0,0.01,0,0.102,0,0.02206,0.05666,0.01001,0.32334,0.13872,0.02601,0.01443
chr17,1448997,1461886,cases,0.00396,0,0.242,0.064,0.294,0,0.066,0.02914,0.29828,0.02569,0.02804,0,0,0.00752
chr4,186269536,186282827,cases,0,0.03447,0.098,0.044,0.412,0,0.112,0.02285,0.15774,0.02151,0.11675,0.03836,0.02054,0.01546
chr1,3363729,3380099,cases,0.003,0.01941,0.012,0.002,0,0.032,0,0.02717,0.03099,0.01105,0.08238,0.0046,0,0.00577
chr8,8691101,8711743,cases,0,0,0.23,0.14,0.004,0,0,0.022,0.1873,0.02072,0.07553,0.02204,0.04658,0.02625
chr6,1176850,1199891,cases,0.00601,0.00854,0,0.01,0,0.136,0,0.02715,0.04426,0.02199,0.14808,0.05091,0.02193,0.03285
chr8,42867999,42891360,cases,0,0.01191,0.258,0.016,0.166,0,0.006,0.01413,0.32293,0.02048,0.14619,0.03588,0.00856,0.00778
chr8,35685033,35713783,cases,0,0.0087,0,0,0,0,0,0.02615,0.0789,0.03692,0.35377,0.02455,0.02503,0.01598
chr4,1919257,1924904,cases,0.01771,0,0.068,0.024,0.04,0,0.142,0.0164,0.27828,0.01135,0.10804,0.01706,0,0.01058
chr22,49255679,49262715,cases,0.01452,0.02363,0,0.004,0,0,0,0.01194,0.04502,0.02113,0.13184,0.03553,0.03964,0.02121
chr16,1514159,1521210,cases,0.00655,0.00487,0.354,0.062,0.036,0.036,0,0.00323,0.2178,0.00798,0.04747,0.01056,0,0.00911
chr13,19976914,19984038,cases,0,0.02607,0.008,0.04,0,0,0,0.02158,0.17211,0.02091,0.18383,0.02296,0.03059,0.02734
chr22,46260962,46270174,cases,0.10967,0.00452,0.208,0.006,0.182,0,0,0.03504,0.07799,0.05608,0.17526,0.06789,0.00429,0.02255
chr1,1924811,1935978,cases,0.01586,0.00595,0.046,0,0,0.098,0,0.00316,0.22671,0.00192,0.12419,0.07177,0.00305,0.00946
chr1,1912154,1924811,cases,0.01586,0.01277,0.046,0,0,0.098,0,0.00122,0.24117,0.00192,0.13179,0.04992,0.00305,0.01464
chr8,41100158,41113095,cases,0.0016,0.00598,0,0.042,0,0.038,0,0.03003,0.1173,0.00268,0.1977,0.10424,0.01852,0.01342
chr16,1692713,1705803,cases,0.00702,0,0.348,0.038,0.24,0,0.018,0.01317,0.18504,0.00734,0.06128,0.0041,0.00439,0.01471
chr17,78323289,78340275,cases,0,0.01898,0.016,0.004,0.818,0,0.01,0.00983,0.18151,0.00468,0.11238,0.01008,0.01211,0.0184
chr4,181858372,181875796,cases,0,0.00322,0,0,0,0,0,0.0296,0.06678,0.05687,0.10958,0.04379,0.03633,0.01582
chr4,183004164,183022312,cases,0,0.04229,0,0,0,0,0,0.02303,0.13385,0.04467,0.09314,0.03894,0.03604,0.02173
chr6,1681994,1702835,cases,0.0016,0,0.3,0.05,0,0,0,0.02798,0.07142,0.02518,0.10284,0.01048,0.00795,0.0065
chr4,185971415,185994614,cases,0.17597,0.02484,0.026,0.016,0,0.418,0,0.0354,0.10789,0.03443,0.07411,0.04488,0.00509,0.02694
chr7,3846374,3871970,cases,0,0,0,0,0,0,0,0.02643,0.08689,0.01246,0.205,0.0511,0.00709,0.05718
chr8,37997426,38024147,cases,0.00164,0.00926,0.196,0.098,0.364,0,0.024,0.01154,0.34275,0.01351,0.09195,0.0343,0,0.01564
chr16,1902675,1929504,cases,0.02489,0.00595,0.16,0.062,0,0.048,0,0.01102,0.38948,0.0162,0.07025,0.01409,0.00681,0.01623
chr16,712554,742418,cases,0.1266,0,0.214,0.068,0,0.082,0.026,0.00726,0.08737,0.00641,0.00739,0,0,0.00109
chr4,175893113,175900414,cases,0,0.02073,0.006,0.044,0,0,0,0.00323,0.03594,0.01094,0.27976,0.14233,0.02015,0.00299
chr4,1181316,1188766,cases,0.06431,0.0491,0.252,0.092,0.186,0.032,0.012,0.00993,0.09141,0.00884,0.21867,0.01389,0.02374,0.00432
chr22,48584127,48591689,cases,0.01167,0.0155,0,0.006,0,0,0,0.0317,0.05557,0.01986,0.16961,0.08186,0.00338,0.01844
chr4,185961254,185971415,cases,0.17597,0.02484,0.026,0.016,0,0.402,0,0.03345,0.11064,0.04616,0.07807,0.04301,0.00573,0.01372
chr16,330060,340625,cases,0.04658,0,0.644,0.088,0.048,0,0,0.00368,0.29842,0.00287,0.03173,0.00729,0.0043,0.00778
chr22,48591689,48603663,cases,0.01363,0.0155,0,0,0,0,0,0.02794,0.05851,0.01999,0.17494,0.08357,0.00553,0.02283
chr2,239946485,239960219,cases,0,0.02044,0,0.01,0,0,0,0.00596,0.05568,0.00812,0.14625,0.06773,0.0176,0.0144
chr8,39513231,39529107,cases,0,0.02692,0,0.006,0,0,0,0.00218,0.03896,0.02344,0.46433,0.11535,0.00364,0.00891
chr5,4663370,4679684,cases,0,0.01588,0,0,0,0,0,0.01844,0.04178,0.01544,0.23895,0.07942,0.00081,0.03381
chr13,19984038,20001016,cases,0,0.02607,0.008,0.04,0,0,0,0.0204,0.15852,0.02052,0.19768,0.01913,0.03059,0.02594
chr3,195035917,195054289,cases,0,0.01608,0.454,0.028,0.412,0,0.016,0.00586,0.19799,0.02668,0.16783,0.04196,0.00666,0.01262
chr22,48603663,48623749,cases,0.00744,0.0155,0,0,0,0,0,0.02715,0.06486,0.02753,0.16726,0.08902,0.00553,0.02099
chr1,238742537,238763021,cases,0,0,0,0.002,0,0,0,0.01062,0.08379,0.031,0.11452,0.12328,0.02332,0.01366
chr5,2383770,2404592,cases,0,0.06405,0,0,0,0,0,0.01904,0.04028,0.01699,0.20514,0.05782,0.01199,0.01568
chr8,9995669,10019143,cases,0.00241,0.04805,0,0.004,0,0,0,0.03489,0.05851,0.0332,0.13243,0.04108,0.00739,0.01693
chr5,4586654,4610477,cases,0,0.04144,0,0,0,0,0,0.01415,0.02608,0.01775,0.26344,0.07912,0.00716,0.01172
chr4,3382383,3406276,cases,0.00445,0.03049,0.078,0.076,0,0.03,0,0.01194,0.06863,0.01266,0.15891,0.0507,0.00893,0.00474
chr4,1991358,2015256,cases,0.00189,0,0.124,0.026,0.024,0.006,0.002,0.00142,0.17952,0.00114,0.23965,0.02929,0.00124,0.01035
chr22,49230062,49236079,cases,0.01173,0.0206,0,0,0,0,0,0.00741,0.06779,0.01764,0.17923,0.04148,0.0439,0.02081
chr22,49222684,49230062,cases,0.00445,0.02054,0,0,0,0,0,0.00828,0.06073,0.02296,0.15667,0.04792,0.0439,0.02243
chr16,698309,709039,cases,0.03108,0.00844,0.388,0.066,0.014,0.024,0.026,0.00313,0.11744,0.00295,0.02132,0.00754,0,0.00186
chr22,48573152,48584127,cases,0.0098,0.00844,0,0.006,0,0,0,0.0267,0.0589,0.03491,0.17579,0.07473,0.00338,0.01021
chr2,242167057,242182062,cases,0,0,0.144,0.018,0.402,0,0.03,0.00482,0.13915,0.01227,0.10022,0.01689,0.00401,0.0138
chr22,48517132,48533211,cases,0.01758,0.01225,0.106,0.076,0,0,0,0.02214,0.06897,0.03881,0.15887,0.04837,0,0.03294
chr4,1188766,1205657,cases,0.06431,0.03141,0.252,0.082,0.216,0.032,0.048,0.00993,0.08239,0.0042,0.17734,0.01271,0.02374,0.00432
chr16,312029,330060,cases,0.04658,0,0.552,0.064,0.04,0,0.012,0.00704,0.33971,0.00287,0.03256,0.00729,0,0.00778
chr22,49236079,49255679,cases,0.00909,0.0206,0,0,0,0,0,0.00741,0.05437,0.02113,0.16921,0.04114,0.0439,0.02241
chr7,5208316,5229161,cases,0,0.00649,0.262,0.042,0.176,0,0.016,0.00751,0.47472,0.0058,0.1118,0.01442,0.01735,0.00178
chr4,176206317,176227285,cases,0,0.00512,0,0,0,0,0,0.01147,0.07852,0.05568,0.12303,0.09938,0.03924,0.01453
chr6,5551727,5572838,cases,0,0.02108,0.41,0.118,0,0,0,0.03591,0.07512,0.03267,0.10704,0.07026,0.00972,0.03941
chr1,238179801,238201406,cases,0,0.01296,0,0.024,0,0,0,0.00793,0.06866,0.01412,0.31173,0.06495,0.01932,0.00682
chr5,4562483,4586654,cases,0,0.03545,0,0,0,0,0,0.01393,0.03164,0.01966,0.16673,0.10083,0.00716,0.00805
chr2,239918133,239946485,cases,0.00526,0.01703,0,0.01,0,0.026,0,0.01054,0.04975,0.00994,0.21536,0.06794,0.00553,0.01905
chr15,25398557,25406600,cases,0,0.3128,0,0.002,0,0,0,0.00669,0.02569,0.00411,0.17702,0.005,0.03797,0
chr15,24463170,24470961,cases,0,0.00923,0,0,0,0,0,0,0.07423,0,0.2479,0.12307,0.01512,0
chr17,77181479,77187138,cases,0.01852,0,0,0.002,0,0.058,0,0.04,0.05971,0.03048,0.02964,0.03807,0.00164,0.02742
chr22,46932001,46940555,cases,0.03769,0.01153,0.162,0.132,0,0.062,0,0.02321,0.22101,0.02201,0.08457,0.04516,0.014,0.0026
chr7,6703327,6712095,cases,0.00246,0.29172,0.118,0.06,0.228,0.038,0.018,0.00857,0.24179,0.01804,0.02635,0.04384,0.00562,0.00233
chr9,139670789,139680673,cases,0.00783,0.01747,0.152,0.09,0.008,0.094,0.016,0.0066,0.17756,0.01206,0.04075,0.04763,0,0.00132
chr4,170954497,170965176,cases,0.01474,0,0,0.006,0,0.074,0,0.01712,0.08803,0.06057,0.04975,0.03449,0.01718,0.01585
chr9,136259568,136273695,cases,0.01343,0.00818,0.176,0.052,0.182,0,0.084,0.04421,0.14504,0.02744,0.02537,0.01576,0.00213,0.02454
chr4,174450112,174467598,cases,0.41798,0,0.014,0.052,0,0.332,0,0.0256,0.07377,0.01019,0.03625,0.01513,0.005,0.01644
chr9,139652225,139670789,cases,0.01639,0.01747,0.134,0.084,0,0.15,0.026,0.0066,0.14918,0.0133,0.04015,0.06031,0,0.00217
chr11,127087524,127109477,cases,0,0.00195,0,0,0,0.012,0,0.07004,0.05922,0.07308,0.1319,0.05158,0.01132,0.0151
chr2,7554804,7577621,cases,0.00277,0.02368,0.038,0.054,0,0.18,0,0.04708,0.03702,0.04214,0.15074,0.08282,0.00107,0.01473
chr9,136273695,136296921,cases,0.01343,0.00818,0.216,0.054,0.15,0,0.066,0.04605,0.17521,0.03214,0.03634,0.01576,0.00213,0.02213
chr17,1789739,1813692,cases,0.07745,0,0.136,0.012,0.476,0.008,0.008,0.01301,0.31376,0.01186,0.08771,0.00453,0.02205,0.00449
chr2,239296835,239321613,cases,0,0,0.42,0.05,0,0,0.002,0.01908,0.13429,0.02078,0.20669,0.00661,0.02864,0.01879
chr11,127006143,127033660,cases,0,0,0,0,0,0.106,0,0.03638,0.04144,0.03359,0.14648,0.0569,0.01293,0.02767
chr2,242137578,242167057,cases,0,0.01093,0.192,0.014,0.378,0,0,0.00905,0.15687,0.0153,0.09858,0.01689,0.0054,0.00749
chr4,160844347,160873925,cases,0,0.06274,0,0,0,0,0,0.01748,0.03454,0.05086,0.26332,0.04922,0.01114,0.00289
chr5,12088924,12095741,cases,0,0.01439,0,0,0,0,0,0.01249,0.03228,0.02905,0.28967,0.06912,0.02188,0.00217
chr9,139463287,139470225,cases,0.00791,0.01358,0.146,0.136,0,0,0.04,0.02105,0.06787,0.00767,0.03585,0.05344,0.00556,0.00219
chr5,12095741,12102731,cases,0,0.01439,0,0,0,0,0,0.01249,0.03228,0.02905,0.28759,0.07288,0.02188,0.00217
chr7,68786965,68796226,cases,0,0.01524,0,0.004,0,0,0,0.03377,0.29607,0.02536,0.07297,0.07265,0.02327,0.01191
chr2,239360568,239371614,cases,0.00273,0.02771,0.122,0.026,0.192,0,0.008,0.01566,0.10153,0.01515,0.22687,0.05115,0.02428,0.04226
chr9,139680673,139695513,cases,0.00566,0.01747,0.244,0.082,0.034,0.094,0.016,0.0066,0.16207,0.01206,0.04034,0.04411,0,0.00132
chr7,68768172,68786965,cases,0.00196,0.01524,0,0.004,0,0,0,0.02762,0.27213,0.0425,0.07583,0.07514,0.02185,0.01801
chr3,9901137,9920379,cases,0.01538,0,0.286,0.056,0.138,0.01,0.016,0.05828,0.30011,0.0433,0.04399,0.01352,0.00151,0.01478
chr5,19161187,19181774,cases,0,0,0,0,0,0,0,0.0157,0.02304,0.031,0.34979,0.08545,0.00148,0.00255
chr2,242116052,242137578,cases,0.00327,0.01093,0.174,0.044,0.33,0,0,0.01282,0.17432,0.01496,0.08425,0.01986,0.01074,0.00962
chr2,222779177,222801311,cases,0,0.00626,0,0,0,0,0,0.0251,0.06545,0.04222,0.15157,0.07598,0.01616,0.0359
chr15,20636538,20636781,controls,0,0.06604,0.4,0.008,0.066,0,0,0.01026,0.10119,0.00398,0.34835,0.05954,0.01073,0.01004
chr15,20636781,20636841,controls,0,0.06604,0.4,0.008,0.066,0,0,0.01026,0.10119,0.00398,0.34835,0.05954,0.01073,0.01004
chr3,1039026,1039086,controls,0,0.0382,0,0,0,0,0,0.0324,0.03325,0.02024,0.17333,0.13246,0.01414,0.01542
chr1,245940818,245950880,controls,0,0,0.112,0.058,0,0,0,0.0272,0.07101,0.01092,0.30642,0.04979,0.00687,0.00777
chr1,245950880,245964792,controls,0,0,0.112,0.064,0,0,0,0.03124,0.07025,0.01214,0.24148,0.04247,0.01515,0.01012
chr1,246204828,246297026,controls,0,0.00701,0.084,0.04,0,0,0.01,0.03093,0.09989,0.01574,0.14468,0.02048,0.02312,0.01151
chr1,245964792,246074986,controls,0,0.00695,0.112,0.064,0,0,0,0.03225,0.07546,0.01099,0.20716,0.02618,0.01549,0.01513
chr3,1098650,1108629,controls,0,0.01626,0,0,0,0,0,0.03191,0.04038,0.01745,0.27532,0.09131,0.00712,0.00753
chr1,246297026,246314796,controls,0,0.0066,0.234,0.044,0,0,0,0.03006,0.09882,0.06276,0.04765,0.01574,0.03151,0.01234
chr16,15311952,15419888,controls,0,0,0,0,0,0.018,0,0.05618,0.12838,0.06705,0.10194,0.13468,0.00139,0.02822
chr16,15164246,15311952,controls,0,0,0.09,0.012,0.326,0,0.048,0.02932,0.27792,0.03079,0.052,0.00872,0,0.02349
chr1,246647413,246647473,controls,0,0.02056,0.334,0.048,0,0,0,0.029,0.16502,0.0333,0.084,0.03583,0.01084,0.02254
chr9,524089,536674,controls,0.00535,0.0084,0,0.008,0,0.062,0,0.03441,0.16834,0.02777,0.1009,0.04708,0.01935,0.0128
chr1,246630199,246647413,controls,0,0.01349,0.462,0.078,0,0,0,0.03324,0.18201,0.04107,0.10485,0.03717,0.01209,0.02471
chr3,1063289,1098650,controls,0,0.03226,0,0,0,0,0,0.03671,0.03347,0.01199,0.26457,0.1197,0.013,0.01703