chr18,4749573,4770753,cases
chr18,4739491,4749573,cases
chr18,5342931,5371662,cases
chr9,12338091,12347074,cases
chr9,11878161,11894248,cases
chr22,16373487,16381570,cases
chr18,35754573,35772047,cases
chr9,18872219,18893530,cases
chr22,16678921,16686580,cases
chr9,18854825,18872219,cases
chr9,12177531,12186141,cases
chr9,12082772,12104298,cases
chr9,12057038,12082772,cases
chr9,3481927,3492815,cases
chr9,8702547,8727597,cases
chr9,14015605,14023607,cases
chr9,14188901,14200803,cases
chr9,3718339,3734623,cases
chr9,2674273,2693159,cases
chr9,15674745,15698283,cases
chr1,243897544,243903711,cases
chr1,243903711,243928664,cases
chr1,243868416,243897544,cases
chr8,145561540,145583227,cases
chr9,33805272,33819359,cases
chr9,28521420,28538087,cases
chr8,145544598,145561540,cases
chr1,244899229,244907583,cases
chr9,30650236,30658982,cases
chr1,245149365,245160784,cases
chr9,28994050,29009435,cases
chr1,244935422,244957141,cases
chr7,478845,488424,cases
chr1,243153373,243165860,cases
chr8,3562008,3580612,cases
chr1,244907583,244935422,cases
chr1,244884500,244899229,cases
chr1,242294868,242312774,cases
chr15,99424803,99444942,cases
chr6,1615524,1636836,cases
chr13,18713482,18735971,cases
chr13,18735971,18760462,cases
chr1,3323541,3329472,cases
chr17,1440380,1448997,cases
chr22,46052394,46064402,cases
chr4,186283088,186295770,cases
chr22,45659576,45675116,cases
chr8,8673767,8691101,cases
chr8,3654797,3679207,cases
chr8,30548901,30574821,cases
chr4,186240945,186269536,cases
chr6,1675145,1681994,cases
chr7,3839038,3846374,cases
chr7,3827420,3835630,cases
chr4,186231286,186240945,cases
chr5,10827228,10839632,cases
chr17,1448997,1461886,cases
chr4,186269536,186282827,cases
chr1,3363729,3380099,cases
chr8,8691101,8711743,cases
chr6,1176850,1199891,cases
chr8,42867999,42891360,cases
chr8,35685033,35713783,cases
chr4,1919257,1924904,cases
chr22,49255679,49262715,cases
chr16,1514159,1521210,cases
chr13,19976914,19984038,cases
chr22,46260962,46270174,cases
chr1,1924811,1935978,cases
chr1,1912154,1924811,cases
chr8,41100158,41113095,cases
chr16,1692713,1705803,cases
chr17,78323289,78340275,cases
chr4,181858372,181875796,cases
chr4,183004164,183022312,cases
chr6,1681994,1702835,cases
chr4,185971415,185994614,cases
chr7,3846374,3871970,cases
chr8,37997426,38024147,cases
chr16,1902675,1929504,cases
chr16,712554,742418,cases
chr4,175893113,175900414,cases
chr4,1181316,1188766,cases
chr22,48584127,48591689,cases
chr4,185961254,185971415,cases
chr16,330060,340625,cases
chr22,48591689,48603663,cases
chr2,239946485,239960219,cases
chr8,39513231,39529107,cases
chr5,4663370,4679684,cases
chr13,19984038,20001016,cases
chr3,195035917,195054289,cases
chr22,48603663,48623749,cases
chr1,238742537,238763021,cases
chr5,2383770,2404592,cases
chr8,9995669,10019143,cases
chr5,4586654,4610477,cases
chr4,3382383,3406276,cases
chr4,1991358,2015256,cases
chr22,49230062,49236079,cases
chr22,49222684,49230062,cases
chr16,698309,709039,cases
chr22,48573152,48584127,cases
chr2,242167057,242182062,cases
chr22,48517132,48533211,cases
chr4,1188766,1205657,cases
chr16,312029,330060,cases
chr22,49236079,49255679,cases
chr7,5208316,5229161,cases
chr4,176206317,176227285,cases
chr6,5551727,5572838,cases
chr1,238179801,238201406,cases
chr5,4562483,4586654,cases
chr2,239918133,239946485,cases
chr15,25398557,25406600,cases
chr15,24463170,24470961,cases
chr17,77181479,77187138,cases
chr22,46932001,46940555,cases
chr7,6703327,6712095,cases
chr9,139670789,139680673,cases
chr4,170954497,170965176,cases
chr9,136259568,136273695,cases
chr4,174450112,174467598,cases
chr9,139652225,139670789,cases
chr11,127087524,127109477,cases
chr2,7554804,7577621,cases
chr9,136273695,136296921,cases
chr17,1789739,1813692,cases
chr2,239296835,239321613,cases
chr11,127006143,127033660,cases
chr2,242137578,242167057,cases
chr4,160844347,160873925,cases
chr5,12088924,12095741,cases
chr9,139463287,139470225,cases
chr5,12095741,12102731,cases
chr7,68786965,68796226,cases
chr2,239360568,239371614,cases
chr9,139680673,139695513,cases
chr7,68768172,68786965,cases
chr3,9901137,9920379,cases
chr5,19161187,19181774,cases
chr2,242116052,242137578,cases
chr2,222779177,222801311,cases
chr15,20636538,20636781,controls
chr15,20636781,20636841,controls
chr3,1039026,1039086,controls
chr1,245940818,245950880,controls
chr1,245950880,245964792,controls
chr1,246204828,246297026,controls
chr1,245964792,246074986,controls
chr3,1098650,1108629,controls
chr1,246297026,246314796,controls
chr16,15311952,15419888,controls
chr16,15164246,15311952,controls
chr1,246647413,246647473,controls
chr9,524089,536674,controls
chr1,246630199,246647413,controls
chr3,1063289,1098650,controls