"chr18","X4749573","X4770753","cases","SINE/MIR","SINE/tRNA","SINE/Alu","SINE/Dong","LINE/L2","LINE/CR1","LINE/L1","LTR/ERVK","LTR/ER1","LTR/ERVL","LTR/Gypsy","RC/Helitron","DNA/TcMar","DNA/PiggyBac","DNA/hAT","Simple_repeats","Low_Complexity"
"chr18",4739491,4749573,"cases",0.0242,0,0.03664,0,0.05381,0.00219,0.2742,0,0.05017,0.08056,0,0,0.05287,0,0.01386,0.0072,0.00244
"chr18",5342931,5371662,"cases",0.02182,0,0.08936,0,0.06076,0.00202,0.26902,0,0.00909,0.06665,0,0,0.00947,0,0.01056,0.02907,0.00506
"chr9",12338091,12347074,"cases",0.01458,0,0.03781,0,0.01925,0,0.39596,0.01022,0.03834,0.06473,0.00066,0,0.00134,0,0.01005,0.00885,0.00706
"chr9",11878161,11894248,"cases",0.01584,0,0.03758,0,0.02257,0,0.36385,0.0097,0.03476,0.05318,0,0,0.01448,0,0.01111,0.01785,0.01142
"chr22",16373487,16381570,"cases",0.02343,0,0.13363,0,0.01464,0.00133,0.14906,0,0.01092,0.00825,0,0,0.03107,0.00139,0.00736,0.00944,0.0099
"chr18",35754573,35772047,"cases",0.00655,0,0.05675,0,0.02035,0.01481,0.37739,0,0.02085,0.0598,0.00169,0,0.00335,0,0.01025,0.00861,0.00358
"chr9",18872219,18893530,"cases",0.01704,0,0.03833,0,0.03636,0,0.30756,0,0.01283,0.05169,0,0,0.0327,0,0.0179,0.00584,0.00186
"chr22",16678921,16686580,"cases",0.00275,0,0.07286,0,0.01235,0,0.24868,0.01068,0.06306,0.02285,0,0,0,0,0.01059,0.00119,0.00348
"chr9",18854825,18872219,"cases",0.01689,0,0.0557,0,0.03948,0,0.35831,0,0.01283,0.04217,0,0,0.02796,0,0.01773,0.00481,0.00153
"chr9",12177531,12186141,"cases",0.02592,0.00123,0.02437,0,0.00591,0,0.1866,0,0.19941,0.05241,0,0,0.00249,0,0.00219,0.00948,0.00834
"chr9",12082772,12104298,"cases",0.01201,0,0.0447,0,0.01033,0,0.38287,0,0.04655,0.09796,0,0,0,0,0.00502,0.00886,0.00855
"chr9",12057038,12082772,"cases",0.00897,0,0.04022,0,0.0128,0,0.42434,0,0.05954,0.09362,0,0,0,0,0.00411,0.00855,0.00872
"chr9",3481927,3492815,"cases",0.04233,0,0.06743,0,0.02357,0.01875,0.12413,0.01117,0,0.01181,0,0,0.03591,0,0.0225,0.02271,0.00937
"chr9",8702547,8727597,"cases",0.02612,0,0.11003,0,0.04168,0,0.04839,0,0.01356,0.02603,0,0,0.00883,0,0.02876,0.00732,0.00457
"chr9",14015605,14023607,"cases",0.05811,0,0.06281,0,0.05067,0.00448,0.11038,0,0.00835,0.06888,0,0,0.03678,0,0.01799,0.00858,0.00848
"chr9",14188901,14200803,"cases",0.02845,0,0.06857,0,0.03558,0.00297,0.0463,0,0.00089,0.00836,0.00191,0,0.01017,0,0.01084,0.00882,0.00775
"chr9",3718339,3734623,"cases",0.03245,0.00063,0.08433,0,0.05383,0.00473,0.18821,0,0.02249,0.06833,0.00488,0,0.00352,0,0.04018,0.00639,0.00253
"chr9",2674273,2693159,"cases",0.04101,0,0.08348,0,0.02748,0.00297,0.09748,0,0.00541,0.05593,0.00372,0,0.00568,0,0.01245,0.00436,0.0171
"chr9",15674745,15698283,"cases",0.00766,0,0.10586,0,0.02655,0.00394,0.37331,0,0.01588,0.05234,0,0,0.02217,0,0.00632,0.00658,0.00627
"chr1",243897544,243903711,"cases",0.02847,0,0.07492,0,0.05641,0.00099,0.08669,0,0.03007,0.02575,0,0,0.02208,0,0.03205,0.00399,0.00561
"chr1",243903711,243928664,"cases",0.02619,0,0.07646,0,0.06258,0.00099,0.08468,0,0.03007,0.02723,0,0,0.02889,0,0.03927,0.00377,0.00538
"chr1",243868416,243897544,"cases",0.03866,0,0.06767,0,0.07469,0.00099,0.09301,0,0.03007,0.01607,0,0,0.02639,0,0.02533,0.00343,0.00464
"chr8",145561540,145583227,"cases",0,0,0.21473,0,0.018,0,0.04714,0.00963,0.00896,0.0233,0,0,0,0,0.00349,0.00605,0.01166
"chr9",33805272,33819359,"cases",0.01704,0,0.2735,0,0.01585,0,0.21058,0,0.00208,0.04486,0,0.00061,0.01748,0,0.03271,0.00574,0.00619
"chr9",28521420,28538087,"cases",0.03222,0,0.04285,0,0.02087,0.00375,0.25726,0,0.01139,0.06075,0,0,0.02939,0,0.01271,0.01146,0.00585
"chr8",145544598,145561540,"cases",0,0,0.20233,0,0.01465,0,0.04714,0.00963,0.00896,0.01757,0,0,0,0,0.00349,0.00665,0.01211
"chr1",244899229,244907583,"cases",0.02233,0,0.2992,0,0.04355,0.00168,0.12283,0.00509,0.0675,0.07022,0,0,0,0,0.01864,0.00374,0.00265
"chr9",30650236,30658982,"cases",0.0153,0,0.03576,0,0.03,0.00036,0.1993,0.01077,0.01283,0.08209,0,0,0.00541,0,0.02975,0.00673,0.01233
"chr1",245149365,245160784,"cases",0.02892,0,0.27081,0,0.03778,0.00307,0.13198,0,0.00115,0.05121,0,0,0.02618,0,0.01753,0.00669,0.01015
"chr9",28994050,29009435,"cases",0.04271,0,0.03262,0,0.0361,0.00297,0.23294,0,0,0.0304,0,0.00878,0.01775,0,0.02971,0.00852,0.00745
"chr1",244935422,244957141,"cases",0.01999,0,0.35621,0,0.03433,0.00168,0.11295,0.00509,0.11866,0.0333,0,0,0.00666,0,0.01693,0.00374,0.00397
"chr7",478845,488424,"cases",0.0254,0,0.05941,0,0.01527,0.00243,0.10671,0,0.00449,0.03811,0,0,0,0,0.01946,0.05131,0.03336
"chr1",243153373,243165860,"cases",0.03157,0,0.15659,0,0.03987,0.00901,0.16082,0,0.0454,0.06233,0,0,0.00224,0,0.01306,0.00869,0.00314
"chr8",3562008,3580612,"cases",0.03115,0,0.06428,0,0.03051,0.00195,0.10279,0,0.03634,0.03491,0,0,0.01332,0,0.01978,0.02522,0.0041
"chr1",244907583,244935422,"cases",0.01762,0,0.31713,0,0.04355,0.00168,0.135,0.00509,0.0675,0.07028,0,0,0.00289,0,0.01935,0.00368,0.00265
"chr1",244884500,244899229,"cases",0.01695,7e-04,0.27795,0,0.01583,0,0.16444,0,0.07733,0.0633,0,0,0,0,0.02525,0.004,0.00244
"chr1",242294868,242312774,"cases",0.03187,0,0.09765,0,0.01126,0,0.28036,0,0.01537,0.04488,0,0,0.00623,0,0.01681,0.0046,0.00533
"chr15",99424803,99444942,"cases",0.02759,0,0.0813,0,0.02002,0.00805,0.06105,0,0.00517,0.01571,0,0,0.01362,0,0.00557,0.005,0.00496
"chr6",1615524,1636836,"cases",0.01551,0,0.05512,0,0.01641,0.00266,0.11,0,0,0.00369,0,0,0.00743,0,0.00523,0.01478,0.00494
"chr13",18713482,18735971,"cases",0,0,0,0,0,0,0,0,0,0,0,0,0,0,0,0,0
"chr13",18735971,18760462,"cases",0,0,0,0,0,0,0,0,0,0,0,0,0,0,0,0,0
"chr1",3323541,3329472,"cases",0.01456,0,0.03564,0,0.01056,0.00355,0.05664,0,0.0035,0.0046,0,0,0,0,0.00862,0.04885,0.00939
"chr17",1440380,1448997,"cases",0.03069,0,0.28498,0,0.0262,0.00636,0.02804,0,0,0,0,0,0,0,0.00752,0.00519,0.0059
"chr22",46052394,46064402,"cases",0.04309,0,0.2179,0,0.06005,0.00308,0.14814,0,0.04121,0.06012,0,0,0.00297,0,0.01526,0.0048,0.00523
"chr4",186283088,186295770,"cases",0.02111,0,0.16273,0,0.01214,0.0061,0.12748,0,0.06885,0.02483,0,0,0.02079,0,0.01153,0.00559,0.00454
"chr22",45659576,45675116,"cases",0.05787,0,0.27312,0,0.04596,0,0.0632,0,0.02559,0.05261,0,0,0.00538,0,0.01866,0.01641,0.00362
"chr8",8673767,8691101,"cases",0.01832,0,0.18352,0,0.01752,0.00823,0.11662,0,0.04469,0.03675,0,0,0.04658,0,0.02987,0.00888,0.00156
"chr8",3654797,3679207,"cases",0.02238,0,0.07394,0,0.03158,0.00306,0.05396,0,0,0.03063,0,0,0.02441,0,0.01404,0.03918,0.00863
"chr8",30548901,30574821,"cases",0.01359,0,0.38493,0,0.01573,0.00273,0.07294,0,0.06739,0.05514,0,0,0.00638,0,0.01584,0.00896,0.00537
"chr4",186240945,186269536,"cases",0.02729,0,0.15405,0,0.03366,0.00573,0.10622,0,0.07945,0.05193,0,0,0.01101,0,0.02454,0.00481,0.00239
"chr6",1675145,1681994,"cases",0.02798,0,0.06846,0,0.02298,0.00194,0.10031,0,0,0.01048,0,0,0.00795,0,0.00687,0.00767,0.0025
"chr7",3839038,3846374,"cases",0.02196,0,0.08089,0,0.01149,0.00243,0.20019,0,0.00738,0.0511,0,0,0.00323,0,0.05718,0.00435,0.00156
"chr7",3827420,3835630,"cases",0.02286,0,0.07662,0,0.01384,0.00243,0.23446,0,0.01315,0.04141,0,0,0.01367,0,0.0311,0.00516,0.00241
"chr4",186231286,186240945,"cases",0.02817,0,0.14478,0,0.03366,0.00262,0.10622,0,0.07945,0.05193,0,0,0.02242,0,0.0301,0.0056,0.00076
"chr5",10827228,10839632,"cases",0.02206,0,0.05666,0,0.01001,0.00052,0.32334,0,0.0173,0.13872,0.00607,0,0.02601,0,0.01443,0.00529,0.00222
"chr17",1448997,1461886,"cases",0.02914,0,0.29828,0,0.02569,0.00636,0.02804,0,0,0,0,0,0,0,0.00752,0.00427,0.00341
"chr4",186269536,186282827,"cases",0.02285,0,0.15774,0,0.02151,0.00588,0.11675,0,0.06885,0.03836,0,0,0.02054,0,0.01546,0.00557,0.00412
"chr1",3363729,3380099,"cases",0.02717,0,0.03099,0,0.01105,0,0.08238,0,0.0035,0.0046,0,0,0,0,0.00577,0.04307,0.00658
"chr8",8691101,8711743,"cases",0.022,0,0.1873,0,0.02072,0.00823,0.07553,0,0.01093,0.02204,0,0,0.04658,0,0.02625,0.01009,0.00182
"chr6",1176850,1199891,"cases",0.02715,0,0.04426,0,0.02199,0.00103,0.14808,0,0.01528,0.05091,0,9e-04,0.02193,0,0.03285,0.01279,0.00918
"chr8",42867999,42891360,"cases",0.01413,0,0.32293,0,0.02048,0.00023,0.14619,0,0.01169,0.03588,0,0,0.00856,0,0.00778,0.00498,0.00578
"chr8",35685033,35713783,"cases",0.02615,0,0.0789,0,0.03692,0.00462,0.35377,0,0.03303,0.02455,0,0,0.02503,0,0.01598,0.00666,0.00043
"chr4",1919257,1924904,"cases",0.0164,0,0.27828,0,0.01135,0,0.10804,0.01011,0.00158,0.01706,0,0.00172,0,0,0.01058,0.00573,0.00789
"chr22",49255679,49262715,"cases",0.01194,0,0.04502,0,0.02113,0,0.13184,0.00953,0.00839,0.03553,0.00216,0,0.03964,0,0.02121,0.04638,0.01207
"chr16",1514159,1521210,"cases",0.00323,0,0.2178,0,0.00798,0.00152,0.04747,0,0.01297,0.01056,0,0,0,0,0.00911,0.00804,0.00557
"chr13",19976914,19984038,"cases",0.02158,0,0.17211,0,0.02091,0.00186,0.18383,0.01121,0.0057,0.02296,0,0,0.03059,0.0012,0.02734,0.00659,0.00317
"chr22",46260962,46270174,"cases",0.03504,0,0.07799,0,0.05608,0.00201,0.17526,0,0,0.06789,0,0,0.00429,0,0.02255,0.01299,0.00465
"chr1",1924811,1935978,"cases",0.00316,0,0.22671,0,0.00192,0,0.12419,0,0.00087,0.07177,0.00282,0,0.00305,0,0.00946,0.02032,0.00622
"chr1",1912154,1924811,"cases",0.00122,0,0.24117,0,0.00192,0,0.13179,0,0.00284,0.04992,0,0,0.00305,0,0.01464,0.03779,0.00622
"chr8",41100158,41113095,"cases",0.03003,0,0.1173,0,0.00268,0,0.1977,0,0.00809,0.10424,0,0,0.01852,0,0.01342,0.01072,0.0044
"chr16",1692713,1705803,"cases",0.01317,0,0.18504,0,0.00734,0,0.06128,0,0.00886,0.0041,0,0,0.00439,0,0.01471,0.0046,0.00577
"chr17",78323289,78340275,"cases",0.00983,0,0.18151,0,0.00468,0,0.11238,0,0.01421,0.01008,0,0,0.01211,0,0.0184,0.02236,0.00392
"chr4",181858372,181875796,"cases",0.0296,0,0.06678,0,0.05687,0.00212,0.10958,0,0,0.04379,0,0,0.03633,0,0.01582,0.00572,0.00538
"chr4",183004164,183022312,"cases",0.02303,0,0.13385,0,0.04467,0.00474,0.09314,0,0,0.03894,0,0,0.03604,0,0.02173,0.01665,0.00561
"chr6",1681994,1702835,"cases",0.02798,0,0.07142,0,0.02518,0.00194,0.10284,0,0,0.01048,0,0,0.00795,0,0.0065,0.00869,0.00216
"chr4",185971415,185994614,"cases",0.0354,0,0.10789,0,0.03443,0.00345,0.07411,0.06897,0.00476,0.04488,0,0,0.00509,0,0.02694,0.00512,0.00488
"chr7",3846374,3871970,"cases",0.02643,0,0.08689,0,0.01246,0.00243,0.205,0,0,0.0511,0,0,0.00709,0,0.05718,0.00456,0.00185
"chr8",37997426,38024147,"cases",0.01154,0,0.34275,0,0.01351,0,0.09195,0.00451,0.02212,0.0343,0.00108,0,0,0,0.01564,0.00768,0.00595
"chr16",1902675,1929504,"cases",0.01102,0,0.38948,0,0.0162,0,0.07025,0,0.00381,0.01409,0,0,0.00681,0,0.01623,0.00533,0.00467
"chr16",712554,742418,"cases",0.00726,0,0.08737,0,0.00641,0,0.00739,0,0.0063,0,0,0,0,0,0.00109,0.01008,0.01522
"chr4",175893113,175900414,"cases",0.00323,0,0.03594,0,0.01094,0,0.27976,0.06972,0.01594,0.14233,0.00265,0,0.02015,0,0.00299,0.00679,0.00712
"chr4",1181316,1188766,"cases",0.00993,0,0.09141,0,0.00884,0.00311,0.21867,0,0.02018,0.01389,0,0,0.02374,0,0.00432,0.01554,0.00695
"chr22",48584127,48591689,"cases",0.0317,0,0.05557,0,0.01986,0.0018,0.16961,0,0.01033,0.08186,0.00268,0,0.00338,0,0.01844,0.02922,0.0051
"chr4",185961254,185971415,"cases",0.03345,0,0.11064,0,0.04616,0.00345,0.07807,0.06897,0.00476,0.04301,0,0,0.00573,0,0.01372,0.00379,0.00456
"chr16",330060,340625,"cases",0.00368,0,0.29842,0,0.00287,0.00159,0.03173,0,0.00763,0.00729,0,0,0.0043,0,0.00778,0.01143,0.00594
"chr22",48591689,48603663,"cases",0.02794,0,0.05851,0,0.01999,0.0018,0.17494,0,0.01463,0.08357,0.00268,0,0.00553,0,0.02283,0.02948,0.0051
"chr2",239946485,239960219,"cases",0.00596,0,0.05568,0,0.00812,0.00206,0.14625,0,0.03022,0.06773,0.00402,0,0.0176,0,0.0144,0.01744,0.00335
"chr8",39513231,39529107,"cases",0.00218,0,0.03896,0,0.02344,0,0.46433,0.02846,0.00854,0.11535,0,0,0.00364,0,0.00891,0.00681,0.00768
"chr5",4663370,4679684,"cases",0.01844,0,0.04178,0,0.01544,0,0.23895,0,0.01485,0.07942,0,0,0.00081,0,0.03381,0.0101,0.00689
"chr13",19984038,20001016,"cases",0.0204,0,0.15852,0,0.02052,0.00186,0.19768,0.01121,0.0079,0.01913,0,0,0.03059,0.0012,0.02594,0.00803,0.00338
"chr3",195035917,195054289,"cases",0.00586,0,0.19799,0,0.02668,0,0.16783,0,0,0.04196,0,0,0.00666,0,0.01262,0.00409,0.0078
"chr22",48603663,48623749,"cases",0.02715,0,0.06486,0,0.02753,0.0018,0.16726,0,0.01044,0.08902,0.00268,0,0.00553,0,0.02099,0.03091,0.00636
"chr1",238742537,238763021,"cases",0.01062,0,0.08379,0,0.031,0.00317,0.11452,0,0.02866,0.12328,0.00525,0,0.02332,0,0.01366,0.01101,0.00492
"chr5",2383770,2404592,"cases",0.01904,0,0.04028,0,0.01699,0,0.20514,0,0.00904,0.05782,0,0,0.01199,0,0.01568,0.01249,0.00277
"chr8",9995669,10019143,"cases",0.03489,0,0.05851,0,0.0332,0.00891,0.13243,0,0.01099,0.04108,0,0,0.00739,0.00124,0.01693,0.00639,0.00325
"chr5",4586654,4610477,"cases",0.01415,0,0.02608,0,0.01775,0,0.26344,0,0.0189,0.07912,0.00188,0,0.00716,0,0.01172,0.01529,0.00296
"chr4",3382383,3406276,"cases",0.01194,0,0.06863,0,0.01266,0.00768,0.15891,0,0.07389,0.0507,0,0,0.00893,0,0.00474,0.01859,0.02116
"chr4",1991358,2015256,"cases",0.00142,0,0.17952,0,0.00114,0,0.23965,0.00993,0.04611,0.02929,0,0,0.00124,0,0.01035,0.00432,0.00354
"chr22",49230062,49236079,"cases",0.00741,0,0.06779,0,0.01764,0,0.17923,0,0.00804,0.04148,0.00216,0,0.0439,0,0.02081,0.04928,0.00796
"chr22",49222684,49230062,"cases",0.00828,0,0.06073,0,0.02296,0,0.15667,0,0.00804,0.04792,0.00216,0,0.0439,0,0.02243,0.03751,0.00783
"chr16",698309,709039,"cases",0.00313,0,0.11744,0,0.00295,0.00214,0.02132,0,0.00745,0.00754,0,0,0,0,0.00186,0.00912,0.0131
"chr22",48573152,48584127,"cases",0.0267,0,0.0589,0,0.03491,0.0018,0.17579,0,0.01595,0.07473,0.00268,0,0.00338,0,0.01021,0.03096,0.00397
"chr2",242167057,242182062,"cases",0.00482,0,0.13915,0,0.01227,0,0.10022,0,0.00492,0.01689,0,0,0.00401,0,0.0138,0.00401,0.00865
"chr22",48517132,48533211,"cases",0.02214,0,0.06897,0,0.03881,0.00379,0.15887,0,0.02051,0.04837,0,0,0,0,0.03294,0.02467,0.01163
"chr4",1188766,1205657,"cases",0.00993,0,0.08239,0,0.0042,0.00197,0.17734,0,0.02018,0.01271,0,0,0.02374,0,0.00432,0.01554,0.00695
"chr16",312029,330060,"cases",0.00704,0,0.33971,0,0.00287,0,0.03256,0,0.00763,0.00729,0,0,0,0,0.00778,0.00952,0.00583
"chr22",49236079,49255679,"cases",0.00741,0,0.05437,0,0.02113,0,0.16921,0,0.01289,0.04114,0.00216,0,0.0439,0,0.02241,0.05033,0.00919
"chr7",5208316,5229161,"cases",0.00751,0,0.47472,0,0.0058,0,0.1118,0,0.00674,0.01442,0,0,0.01735,0,0.00178,0.00765,0.00072
"chr4",176206317,176227285,"cases",0.01147,0,0.07852,0,0.05568,0.00253,0.12303,0,0.06173,0.09938,0,0,0.03924,0,0.01453,0.00846,0.01126
"chr6",5551727,5572838,"cases",0.03591,0,0.07512,0,0.03267,0.00366,0.10704,0.00191,0.04937,0.07026,0,0,0.00972,0,0.03941,0.01097,0.00498
"chr1",238179801,238201406,"cases",0.00793,0,0.06866,0,0.01412,0.00622,0.31173,0,0.04233,0.06495,0.00276,0,0.01932,0.00126,0.00682,0.00966,0.0031
"chr5",4562483,4586654,"cases",0.01393,0,0.03164,0,0.01966,0,0.16673,0,0.0129,0.10083,0.00188,0,0.00716,0,0.00805,0.01662,0.0049
"chr2",239918133,239946485,"cases",0.01054,0,0.04975,0,0.00994,0.00206,0.21536,0,0.03022,0.06794,0.00402,0,0.00553,0.00494,0.01905,0.01412,0.00786
"chr15",25398557,25406600,"cases",0.00669,0,0.02569,0,0.00411,0.0012,0.17702,0.00975,0.06324,0.005,0,0,0.03797,0,0,0.0036,0.00209
"chr15",24463170,24470961,"cases",0,0,0.07423,0,0,0,0.2479,0.00814,0.24205,0.12307,0,0,0.01512,0,0,0.0051,0.00239
"chr17",77181479,77187138,"cases",0.04,0,0.05971,0,0.03048,0.01505,0.02964,0,0,0.03807,0,0,0.00164,0,0.02742,0.01627,0.01467
"chr22",46932001,46940555,"cases",0.02321,0,0.22101,0,0.02201,0,0.08457,0,0.00609,0.04516,0.00098,0,0.014,0,0.0026,0.00557,0.00797
"chr7",6703327,6712095,"cases",0.00857,0,0.24179,0,0.01804,0.00104,0.02635,0.00073,0.02036,0.04384,0,0,0.00562,0,0.00233,0.01597,0.01292
"chr9",139670789,139680673,"cases",0.0066,0,0.17756,0,0.01206,0,0.04075,0.12239,0.02014,0.04763,0,0,0,0,0.00132,0.01054,0.01687
"chr4",170954497,170965176,"cases",0.01712,0,0.08803,0,0.06057,0.00488,0.04975,0,0.00867,0.03449,0,0,0.01718,0,0.01585,0.00302,0.00647
"chr9",136259568,136273695,"cases",0.04421,0,0.14504,0,0.02744,0.00131,0.02537,0,0.01706,0.01576,0,0,0.00213,0,0.02454,0.00973,0.01029
"chr4",174450112,174467598,"cases",0.0256,0.00257,0.07377,0,0.01019,0.00526,0.03625,0,0,0.01513,0,0,0.005,0,0.01644,0.02863,0.00423
"chr9",139652225,139670789,"cases",0.0066,0,0.14918,0,0.0133,0,0.04015,0.12409,0.01551,0.06031,0,0,0,0,0.00217,0.01011,0.01753
"chr11",127087524,127109477,"cases",0.07004,0,0.05922,0,0.07308,0.00244,0.1319,0,0.00485,0.05158,0,0,0.01132,0,0.0151,0.01097,0.00602
"chr2",7554804,7577621,"cases",0.04708,0,0.03702,0,0.04214,0.00415,0.15074,0,0.00894,0.08282,0,0,0.00107,0,0.01473,0.00862,0.00689
"chr9",136273695,136296921,"cases",0.04605,0,0.17521,0,0.03214,0.00131,0.03634,0,0.01706,0.01576,0,0,0.00213,0,0.02213,0.00973,0.00683
"chr17",1789739,1813692,"cases",0.01301,0,0.31376,0,0.01186,0.00143,0.08771,0,0.00098,0.00453,0,0,0.02205,0,0.00449,0.00427,0.00277
"chr2",239296835,239321613,"cases",0.01908,0,0.13429,0,0.02078,0.00266,0.20669,0,0.01798,0.00661,0,0,0.02864,0,0.01879,0.00713,0.00367
"chr11",127006143,127033660,"cases",0.03638,0,0.04144,0,0.03359,0.00633,0.14648,0,0.00562,0.0569,0,0,0.01293,0,0.02767,0.00983,0.00339
"chr2",242137578,242167057,"cases",0.00905,0,0.15687,0,0.0153,0,0.09858,0,0.00492,0.01689,0,0,0.0054,0,0.00749,0.00571,0.00814
"chr4",160844347,160873925,"cases",0.01748,0,0.03454,0,0.05086,0,0.26332,0,0.01292,0.04922,0,0,0.01114,0,0.00289,0.00621,0.00719
"chr5",12088924,12095741,"cases",0.01249,0,0.03228,0,0.02905,0.00346,0.28967,0,0.01887,0.06912,0.00148,0,0.02188,0,0.00217,0.01024,0.00821
"chr9",139463287,139470225,"cases",0.02105,0,0.06787,0,0.00767,0,0.03585,0,0,0.05344,0,0,0.00556,0,0.00219,0.04046,0.01428
"chr5",12095741,12102731,"cases",0.01249,0,0.03228,0,0.02905,0.00346,0.28759,0,0.01952,0.07288,0.00148,0,0.02188,0,0.00217,0.0099,0.00961
"chr7",68786965,68796226,"cases",0.03377,0,0.29607,0,0.02536,0.01278,0.07297,0.00248,0.0202,0.07265,0,0,0.02327,0,0.01191,0.01271,0.00391
"chr2",239360568,239371614,"cases",0.01566,0,0.10153,0,0.01515,0.00266,0.22687,0,0.01529,0.05115,0,0,0.02428,0,0.04226,0.02227,0.00073
"chr9",139680673,139695513,"cases",0.0066,0,0.16207,0,0.01206,0,0.04034,0.11236,0.02014,0.04411,0,0,0,0,0.00132,0.01054,0.01687
"chr7",68768172,68786965,"cases",0.02762,0,0.27213,0,0.0425,0.01751,0.07583,0.00248,0.01752,0.07514,0,0,0.02185,0,0.01801,0.0216,0.00175
"chr3",9901137,9920379,"cases",0.05828,0,0.30011,0,0.0433,0.00062,0.04399,0.06902,0.00668,0.01352,0,0,0.00151,0,0.01478,0.00838,0.00136
"chr5",19161187,19181774,"cases",0.0157,0,0.02304,0,0.031,0.00162,0.34979,0,0.0281,0.08545,0,0,0.00148,0,0.00255,0.00944,0.01061
"chr2",242116052,242137578,"cases",0.01282,0,0.17432,0,0.01496,0,0.08425,0,0.00492,0.01986,0,0,0.01074,0,0.00962,0.00658,0.00897
"chr2",222779177,222801311,"cases",0.0251,0,0.06545,0,0.04222,0,0.15157,0,0.0029,0.07598,0.00211,0.00496,0.01616,0,0.0359,0.00496,0.00163
"chr15",20636538,20636781,"controls",0.01026,0,0.10119,0,0.00398,0.00204,0.34835,0,0.0051,0.05954,0,0,0.01073,0,0.01004,0.0051,0.00217
"chr15",20636781,20636841,"controls",0.01026,0,0.10119,0,0.00398,0.00204,0.34835,0,0.0051,0.05954,0,0,0.01073,0,0.01004,0.0051,0.00217
"chr3",1039026,1039086,"controls",0.0324,0,0.03325,0,0.02024,0.00238,0.17333,0,0.02626,0.13246,0,0,0.01414,0,0.01542,0.02457,0.00703
"chr1",245940818,245950880,"controls",0.0272,0,0.07101,0,0.01092,0.00324,0.30642,0,0,0.04979,0,0,0.00687,0,0.00777,0.01015,0.00412
"chr1",245950880,245964792,"controls",0.03124,0,0.07025,0,0.01214,0.00324,0.24148,0,0,0.04247,0,0,0.01515,0,0.01012,0.00994,0.00383
"chr1",246204828,246297026,"controls",0.03093,0.00185,0.09989,0,0.01574,0.00073,0.14468,0.00952,0.03391,0.02048,0.00307,0,0.02312,0,0.01151,0.00367,0.00372
"chr1",245964792,246074986,"controls",0.03225,0,0.07546,0,0.01099,0.01158,0.20716,0,0,0.02618,0,0,0.01549,0,0.01513,0.00984,0.00487
"chr3",1098650,1108629,"controls",0.03191,0,0.04038,0,0.01745,0,0.27532,0,0.00299,0.09131,0,0,0.00712,0,0.00753,0.0153,0.0077
"chr1",246297026,246314796,"controls",0.03006,0,0.09882,0,0.06276,0.00789,0.04765,0,0.03993,0.01574,0.00103,0,0.03151,0,0.01234,0.00765,0.00289
"chr16",15311952,15419888,"controls",0.05618,0,0.12838,0,0.06705,0.004,0.10194,0,0.0159,0.13468,0.00577,0,0.00139,0,0.02822,0.0143,0.00454
"chr16",15164246,15311952,"controls",0.02932,0,0.27792,0,0.03079,0,0.052,0,0.01635,0.00872,0,0,0,0,0.02349,0.00289,0.00259
"chr1",246647413,246647473,"controls",0.029,0,0.16502,0,0.0333,0.00193,0.084,0,0.02224,0.03583,0.01367,0,0.01084,0,0.02254,0.00435,0.00407
"chr9",524089,536674,"controls",0.03441,0,0.16834,0,0.02777,0.00871,0.1009,0,0.02116,0.04708,0.00564,0,0.01935,0.00494,0.0128,0.00708,0.0022
"chr1",246630199,246647413,"controls",0.03324,0,0.18201,0,0.04107,0.00137,0.10485,0,0.03589,0.03717,0.01367,0,0.01209,0,0.02471,0.00467,0.00227
"chr3",1063289,1098650,"controls",0.03671,0,0.03347,0,0.01199,0,0.26457,0,0.01776,0.1197,0,0,0.013,0,0.01703,0.01605,0.0063
